x1,y1,z1,x2,y2,z2,x3,y3,z3,x4,y4,z4,x5,y5,z5,x6,y6,z6,x7,y7,z7,x8,y8,z8,x9,y9,z9,x10,y10,z10,x11,y11,z11,x12,y12,z12,x13,y13,z13,x14,y14,z14,x15,y15,z15,x16,y16,z16,x17,y17,z17,x18,y18,z18,x19,y19,z19,x20,y20,z20,x21,y21,z21,x22,y22,z22,x23,y23,z23,x24,y24,z24,x25,y25,z25,x26,y26,z26,x27,y27,z27,x28,y28,z28,x29,y29,z29,x30,y30,z30,angulo,distancia,energia
0.568868999220525,0.508744726349045,0.271538531362682,0.53760611397601,0.54947872441435,0.325686232812682,0.451556262479026,0.512025642137815,0.245745882862682,0.463112634433546,0.53303351141421,0.312123427262682,0.45119144913433,0.483972922989521,0.366367270562681,0.558427163465345,0.53423552099678,0.392554201662682,0.51356106915606,0.557306597915925,0.446396637662682,0.536742247000605,0.550662678121965,0.51365212766268,0.484411461153391,0.551975359734585,0.56716701811268,0.56760438434728,0.509019032836575,0.64813977056268,0.55811200469006,0.53031166368554,0.76847640786268,0.482053586481003,0.44232927770413,0.231879627662682,0.53438437230322,0.441016596048211,0.285394518112682,0.51120436205052,0.436013026170567,0.352606809612682,0.556888275651015,0.456925992315217,0.406719280112682,0.45123800684025,0.51189380740166,0.432439740562682,0.460683828766547,0.462680292097254,0.486703907862682,0.449926834261083,0.484247229477051,0.55331103136268,0.481189719480599,0.443513231368447,0.60745873281268,0.50759147140609,0.55697892961223,0.63437930961268,0.461907557805593,0.53606596346758,0.68849178011268,0.484490717156056,0.550746542258005,0.75505616566268,0.534305116325555,0.442245413568092,0.473283665662682,0.567239570977585,0.480966313644981,0.52751838286268,0.55568319902306,0.459958444368588,0.59389592726268,0.460368669991265,0.458756434786014,0.67432670166268,0.50523476430055,0.435685357866872,0.72816913766268,0.56755782661636,0.481098148381137,0.71421224056268,0.528003090322179,0.496845366166417,0.525244088955776,0.490584375554104,0.496788592712503,0.525386359110395,0.0,0.5,12.8645412
0.568868999220525,0.508744726349045,0.271538531362682,0.53760611397601,0.54947872441435,0.325686232812682,0.451556262479026,0.512025642137815,0.245745882862682,0.463112634433546,0.53303351141421,0.312123427262682,0.45119144913433,0.483972922989521,0.366367270562681,0.558427163465345,0.53423552099678,0.392554201662682,0.51356106915606,0.557306597915925,0.446396637662682,0.536742247000605,0.550662678121965,0.51365212766268,0.484411461153391,0.551975359734585,0.56716701811268,0.56760438434728,0.509019032836575,0.64813977056268,0.55811200469006,0.53031166368554,0.76847640786268,0.482053586481003,0.44232927770413,0.231879627662682,0.53438437230322,0.441016596048211,0.285394518112682,0.51120436205052,0.436013026170567,0.352606809612682,0.556888275651015,0.456925992315217,0.406719280112682,0.45123800684025,0.51189380740166,0.432439740562682,0.460683828766547,0.462680292097254,0.486703907862682,0.449926834261083,0.484247229477051,0.55331103136268,0.481189719480599,0.443513231368447,0.60745873281268,0.50759147140609,0.55697892961223,0.63437930961268,0.461907557805593,0.53606596346758,0.68849178011268,0.484490717156056,0.550746542258005,0.75505616566268,0.534305116325555,0.442245413568092,0.473283665662682,0.567239570977585,0.480966313644981,0.52751838286268,0.55568319902306,0.459958444368588,0.59389592726268,0.460368669991265,0.458756434786014,0.67432670166268,0.50523476430055,0.435685357866872,0.72816913766268,0.56755782661636,0.481098148381137,0.71421224056268,0.528017106303381,0.496994680939374,0.552396922748282,0.49059833466282,0.496937969973029,0.552523381019227,0.0,1.0,12.7339506
0.568868999220525,0.508744726349045,0.271538531362682,0.53760611397601,0.54947872441435,0.325686232812682,0.451556262479026,0.512025642137815,0.245745882862682,0.463112634433546,0.53303351141421,0.312123427262682,0.45119144913433,0.483972922989521,0.366367270562681,0.558427163465345,0.53423552099678,0.392554201662682,0.51356106915606,0.557306597915925,0.446396637662682,0.536742247000605,0.550662678121965,0.51365212766268,0.484411461153391,0.551975359734585,0.56716701811268,0.56760438434728,0.509019032836575,0.64813977056268,0.55811200469006,0.53031166368554,0.76847640786268,0.482053586481003,0.44232927770413,0.231879627662682,0.53438437230322,0.441016596048211,0.285394518112682,0.51120436205052,0.436013026170567,0.352606809612682,0.556888275651015,0.456925992315217,0.406719280112682,0.45123800684025,0.51189380740166,0.432439740562682,0.460683828766547,0.462680292097254,0.486703907862682,0.449926834261083,0.484247229477051,0.55331103136268,0.481189719480599,0.443513231368447,0.60745873281268,0.50759147140609,0.55697892961223,0.63437930961268,0.461907557805593,0.53606596346758,0.68849178011268,0.484490717156056,0.550746542258005,0.75505616566268,0.534305116325555,0.442245413568092,0.473283665662682,0.567239570977585,0.480966313644981,0.52751838286268,0.55568319902306,0.459958444368588,0.59389592726268,0.460368669991265,0.458756434786014,0.67432670166268,0.50523476430055,0.435685357866872,0.72816913766268,0.56755782661636,0.481098148381137,0.71421224056268,0.528147751435031,0.497042335828882,0.57634920104007,0.490728979794474,0.496985624862537,0.576475659311015,0.0,1.5,11.7401774
0.568868999220525,0.508744726349045,0.271538531362682,0.53760611397601,0.54947872441435,0.325686232812682,0.451556262479026,0.512025642137815,0.245745882862682,0.463112634433546,0.53303351141421,0.312123427262682,0.45119144913433,0.483972922989521,0.366367270562681,0.558427163465345,0.53423552099678,0.392554201662682,0.51356106915606,0.557306597915925,0.446396637662682,0.536742247000605,0.550662678121965,0.51365212766268,0.484411461153391,0.551975359734585,0.56716701811268,0.56760438434728,0.509019032836575,0.64813977056268,0.55811200469006,0.53031166368554,0.76847640786268,0.482053586481003,0.44232927770413,0.231879627662682,0.53438437230322,0.441016596048211,0.285394518112682,0.51120436205052,0.436013026170567,0.352606809612682,0.556888275651015,0.456925992315217,0.406719280112682,0.45123800684025,0.51189380740166,0.432439740562682,0.460683828766547,0.462680292097254,0.486703907862682,0.449926834261083,0.484247229477051,0.55331103136268,0.481189719480599,0.443513231368447,0.60745873281268,0.50759147140609,0.55697892961223,0.63437930961268,0.461907557805593,0.53606596346758,0.68849178011268,0.484490717156056,0.550746542258005,0.75505616566268,0.534305116325555,0.442245413568092,0.473283665662682,0.567239570977585,0.480966313644981,0.52751838286268,0.55568319902306,0.459958444368588,0.59389592726268,0.460368669991265,0.458756434786014,0.67432670166268,0.50523476430055,0.435685357866872,0.72816913766268,0.56755782661636,0.481098148381137,0.71421224056268,0.528138778842793,0.497111894514058,0.60053424459721,0.490720007202233,0.497055183547713,0.600660702868155,0.0,2.0,11.4198854
0.568868999220525,0.508744726349045,0.271538531362682,0.53760611397601,0.54947872441435,0.325686232812682,0.451556262479026,0.512025642137815,0.245745882862682,0.463112634433546,0.53303351141421,0.312123427262682,0.45119144913433,0.483972922989521,0.366367270562681,0.558427163465345,0.53423552099678,0.392554201662682,0.51356106915606,0.557306597915925,0.446396637662682,0.536742247000605,0.550662678121965,0.51365212766268,0.484411461153391,0.551975359734585,0.56716701811268,0.56760438434728,0.509019032836575,0.64813977056268,0.55811200469006,0.53031166368554,0.76847640786268,0.482053586481003,0.44232927770413,0.231879627662682,0.53438437230322,0.441016596048211,0.285394518112682,0.51120436205052,0.436013026170567,0.352606809612682,0.556888275651015,0.456925992315217,0.406719280112682,0.45123800684025,0.51189380740166,0.432439740562682,0.460683828766547,0.462680292097254,0.486703907862682,0.449926834261083,0.484247229477051,0.55331103136268,0.481189719480599,0.443513231368447,0.60745873281268,0.50759147140609,0.55697892961223,0.63437930961268,0.461907557805593,0.53606596346758,0.68849178011268,0.484490717156056,0.550746542258005,0.75505616566268,0.534305116325555,0.442245413568092,0.473283665662682,0.567239570977585,0.480966313644981,0.52751838286268,0.55568319902306,0.459958444368588,0.59389592726268,0.460368669991265,0.458756434786014,0.67432670166268,0.50523476430055,0.435685357866872,0.72816913766268,0.56755782661636,0.481098148381137,0.71421224056268,0.528307746661842,0.497057329808223,0.6271373131564,0.490888975021281,0.497000618841878,0.627263771427345,0.0,2.5,11.1745018
0.568868999220525,0.508744726349045,0.271538531362682,0.53760611397601,0.54947872441435,0.325686232812682,0.451556262479026,0.512025642137815,0.245745882862682,0.463112634433546,0.53303351141421,0.312123427262682,0.45119144913433,0.483972922989521,0.366367270562681,0.558427163465345,0.53423552099678,0.392554201662682,0.51356106915606,0.557306597915925,0.446396637662682,0.536742247000605,0.550662678121965,0.51365212766268,0.484411461153391,0.551975359734585,0.56716701811268,0.56760438434728,0.509019032836575,0.64813977056268,0.55811200469006,0.53031166368554,0.76847640786268,0.482053586481003,0.44232927770413,0.231879627662682,0.53438437230322,0.441016596048211,0.285394518112682,0.51120436205052,0.436013026170567,0.352606809612682,0.556888275651015,0.456925992315217,0.406719280112682,0.45123800684025,0.51189380740166,0.432439740562682,0.460683828766547,0.462680292097254,0.486703907862682,0.449926834261083,0.484247229477051,0.55331103136268,0.481189719480599,0.443513231368447,0.60745873281268,0.50759147140609,0.55697892961223,0.63437930961268,0.461907557805593,0.53606596346758,0.68849178011268,0.484490717156056,0.550746542258005,0.75505616566268,0.534305116325555,0.442245413568092,0.473283665662682,0.567239570977585,0.480966313644981,0.52751838286268,0.55568319902306,0.459958444368588,0.59389592726268,0.460368669991265,0.458756434786014,0.67432670166268,0.50523476430055,0.435685357866872,0.72816913766268,0.56755782661636,0.481098148381137,0.71421224056268,0.528363321819696,0.496859451738239,0.653285876473748,0.490944550179136,0.496802740771894,0.653412334744693,0.0,3.0,11.8804896
0.568868999220525,0.508744726349045,0.271538531362682,0.53760611397601,0.54947872441435,0.325686232812682,0.451556262479026,0.512025642137815,0.245745882862682,0.463112634433546,0.53303351141421,0.312123427262682,0.45119144913433,0.483972922989521,0.366367270562681,0.558427163465345,0.53423552099678,0.392554201662682,0.51356106915606,0.557306597915925,0.446396637662682,0.536742247000605,0.550662678121965,0.51365212766268,0.484411461153391,0.551975359734585,0.56716701811268,0.56760438434728,0.509019032836575,0.64813977056268,0.55811200469006,0.53031166368554,0.76847640786268,0.482053586481003,0.44232927770413,0.231879627662682,0.53438437230322,0.441016596048211,0.285394518112682,0.51120436205052,0.436013026170567,0.352606809612682,0.556888275651015,0.456925992315217,0.406719280112682,0.45123800684025,0.51189380740166,0.432439740562682,0.460683828766547,0.462680292097254,0.486703907862682,0.449926834261083,0.484247229477051,0.55331103136268,0.481189719480599,0.443513231368447,0.60745873281268,0.50759147140609,0.55697892961223,0.63437930961268,0.461907557805593,0.53606596346758,0.68849178011268,0.484490717156056,0.550746542258005,0.75505616566268,0.534305116325555,0.442245413568092,0.473283665662682,0.567239570977585,0.480966313644981,0.52751838286268,0.55568319902306,0.459958444368588,0.59389592726268,0.460368669991265,0.458756434786014,0.67432670166268,0.50523476430055,0.435685357866872,0.72816913766268,0.56755782661636,0.481098148381137,0.71421224056268,0.5283577248433,0.497071899843282,0.67505147036605,0.490938953202742,0.497015188876938,0.675177928636995,0.0,3.5,11.8804896
0.568868999220525,0.508744726349045,0.271538531362682,0.53760611397601,0.54947872441435,0.325686232812682,0.451556262479026,0.512025642137815,0.245745882862682,0.463112634433546,0.53303351141421,0.312123427262682,0.45119144913433,0.483972922989521,0.366367270562681,0.558427163465345,0.53423552099678,0.392554201662682,0.51356106915606,0.557306597915925,0.446396637662682,0.536742247000605,0.550662678121965,0.51365212766268,0.484411461153391,0.551975359734585,0.56716701811268,0.56760438434728,0.509019032836575,0.64813977056268,0.55811200469006,0.53031166368554,0.76847640786268,0.482053586481003,0.44232927770413,0.231879627662682,0.53438437230322,0.441016596048211,0.285394518112682,0.51120436205052,0.436013026170567,0.352606809612682,0.556888275651015,0.456925992315217,0.406719280112682,0.45123800684025,0.51189380740166,0.432439740562682,0.460683828766547,0.462680292097254,0.486703907862682,0.449926834261083,0.484247229477051,0.55331103136268,0.481189719480599,0.443513231368447,0.60745873281268,0.50759147140609,0.55697892961223,0.63437930961268,0.461907557805593,0.53606596346758,0.68849178011268,0.484490717156056,0.550746542258005,0.75505616566268,0.534305116325555,0.442245413568092,0.473283665662682,0.567239570977585,0.480966313644981,0.52751838286268,0.55568319902306,0.459958444368588,0.59389592726268,0.460368669991265,0.458756434786014,0.67432670166268,0.50523476430055,0.435685357866872,0.72816913766268,0.56755782661636,0.481098148381137,0.71421224056268,0.528484891416557,0.497179724693473,0.701244544799758,0.491066119775996,0.497123013727128,0.701371003070703,0.0,4.0,11.670694
0.568868999220525,0.508744726349045,0.271538531362682,0.53760611397601,0.54947872441435,0.325686232812682,0.451556262479026,0.512025642137815,0.245745882862682,0.463112634433546,0.53303351141421,0.312123427262682,0.45119144913433,0.483972922989521,0.366367270562681,0.558427163465345,0.53423552099678,0.392554201662682,0.51356106915606,0.557306597915925,0.446396637662682,0.536742247000605,0.550662678121965,0.51365212766268,0.484411461153391,0.551975359734585,0.56716701811268,0.56760438434728,0.509019032836575,0.64813977056268,0.55811200469006,0.53031166368554,0.76847640786268,0.482053586481003,0.44232927770413,0.231879627662682,0.53438437230322,0.441016596048211,0.285394518112682,0.51120436205052,0.436013026170567,0.352606809612682,0.556888275651015,0.456925992315217,0.406719280112682,0.45123800684025,0.51189380740166,0.432439740562682,0.460683828766547,0.462680292097254,0.486703907862682,0.449926834261083,0.484247229477051,0.55331103136268,0.481189719480599,0.443513231368447,0.60745873281268,0.50759147140609,0.55697892961223,0.63437930961268,0.461907557805593,0.53606596346758,0.68849178011268,0.484490717156056,0.550746542258005,0.75505616566268,0.534305116325555,0.442245413568092,0.473283665662682,0.567239570977585,0.480966313644981,0.52751838286268,0.55568319902306,0.459958444368588,0.59389592726268,0.460368669991265,0.458756434786014,0.67432670166268,0.50523476430055,0.435685357866872,0.72816913766268,0.56755782661636,0.481098148381137,0.71421224056268,0.528450116317812,0.497101013130309,0.727393775434243,0.491031344677251,0.497044302163964,0.727520233705188,0.0,4.5,10.9004308
0.568868999220525,0.508744726349045,0.271538531362682,0.53760611397601,0.54947872441435,0.325686232812682,0.451556262479026,0.512025642137815,0.245745882862682,0.463112634433546,0.53303351141421,0.312123427262682,0.45119144913433,0.483972922989521,0.366367270562681,0.558427163465345,0.53423552099678,0.392554201662682,0.51356106915606,0.557306597915925,0.446396637662682,0.536742247000605,0.550662678121965,0.51365212766268,0.484411461153391,0.551975359734585,0.56716701811268,0.56760438434728,0.509019032836575,0.64813977056268,0.55811200469006,0.53031166368554,0.76847640786268,0.482053586481003,0.44232927770413,0.231879627662682,0.53438437230322,0.441016596048211,0.285394518112682,0.51120436205052,0.436013026170567,0.352606809612682,0.556888275651015,0.456925992315217,0.406719280112682,0.45123800684025,0.51189380740166,0.432439740562682,0.460683828766547,0.462680292097254,0.486703907862682,0.449926834261083,0.484247229477051,0.55331103136268,0.481189719480599,0.443513231368447,0.60745873281268,0.50759147140609,0.55697892961223,0.63437930961268,0.461907557805593,0.53606596346758,0.68849178011268,0.484490717156056,0.550746542258005,0.75505616566268,0.534305116325555,0.442245413568092,0.473283665662682,0.567239570977585,0.480966313644981,0.52751838286268,0.55568319902306,0.459958444368588,0.59389592726268,0.460368669991265,0.458756434786014,0.67432670166268,0.50523476430055,0.435685357866872,0.72816913766268,0.56755782661636,0.481098148381137,0.71421224056268,0.528362113514123,0.497112894602958,0.750877649504329,0.490943341873564,0.497056183636615,0.751004107775274,0.0,5.0,9.1288428
0.568868999220525,0.508744726349045,0.271538531362682,0.53760611397601,0.54947872441435,0.325686232812682,0.451556262479026,0.512025642137815,0.245745882862682,0.463112634433546,0.53303351141421,0.312123427262682,0.45119144913433,0.483972922989521,0.366367270562681,0.558427163465345,0.53423552099678,0.392554201662682,0.51356106915606,0.557306597915925,0.446396637662682,0.536742247000605,0.550662678121965,0.51365212766268,0.484411461153391,0.551975359734585,0.56716701811268,0.56760438434728,0.509019032836575,0.64813977056268,0.55811200469006,0.53031166368554,0.76847640786268,0.482053586481003,0.44232927770413,0.231879627662682,0.53438437230322,0.441016596048211,0.285394518112682,0.51120436205052,0.436013026170567,0.352606809612682,0.556888275651015,0.456925992315217,0.406719280112682,0.45123800684025,0.51189380740166,0.432439740562682,0.460683828766547,0.462680292097254,0.486703907862682,0.449926834261083,0.484247229477051,0.55331103136268,0.481189719480599,0.443513231368447,0.60745873281268,0.50759147140609,0.55697892961223,0.63437930961268,0.461907557805593,0.53606596346758,0.68849178011268,0.484490717156056,0.550746542258005,0.75505616566268,0.534305116325555,0.442245413568092,0.473283665662682,0.567239570977585,0.480966313644981,0.52751838286268,0.55568319902306,0.459958444368588,0.59389592726268,0.460368669991265,0.458756434786014,0.67432670166268,0.50523476430055,0.435685357866872,0.72816913766268,0.56755782661636,0.481098148381137,0.71421224056268,0.528380891336728,0.497203578032531,0.77675521139093,0.490962119696169,0.497146867066188,0.776881669661875,0.0,5.5,5.9576482
0.568868999220525,0.508744726349045,0.271538531362682,0.53760611397601,0.54947872441435,0.325686232812682,0.451556262479026,0.512025642137815,0.245745882862682,0.463112634433546,0.53303351141421,0.312123427262682,0.45119144913433,0.483972922989521,0.366367270562681,0.558427163465345,0.53423552099678,0.392554201662682,0.51356106915606,0.557306597915925,0.446396637662682,0.536742247000605,0.550662678121965,0.51365212766268,0.484411461153391,0.551975359734585,0.56716701811268,0.56760438434728,0.509019032836575,0.64813977056268,0.55811200469006,0.53031166368554,0.76847640786268,0.482053586481003,0.44232927770413,0.231879627662682,0.53438437230322,0.441016596048211,0.285394518112682,0.51120436205052,0.436013026170567,0.352606809612682,0.556888275651015,0.456925992315217,0.406719280112682,0.45123800684025,0.51189380740166,0.432439740562682,0.460683828766547,0.462680292097254,0.486703907862682,0.449926834261083,0.484247229477051,0.55331103136268,0.481189719480599,0.443513231368447,0.60745873281268,0.50759147140609,0.55697892961223,0.63437930961268,0.461907557805593,0.53606596346758,0.68849178011268,0.484490717156056,0.550746542258005,0.75505616566268,0.534305116325555,0.442245413568092,0.473283665662682,0.567239570977585,0.480966313644981,0.52751838286268,0.55568319902306,0.459958444368588,0.59389592726268,0.460368669991265,0.458756434786014,0.67432670166268,0.50523476430055,0.435685357866872,0.72816913766268,0.56755782661636,0.481098148381137,0.71421224056268,0.528331025935927,0.496979215612028,0.800866859066985,0.490912254295368,0.496922504645681,0.80099331733793,0.0,6.0,2.210796
0.568868999220525,0.508744726349045,0.271538531362682,0.53760611397601,0.54947872441435,0.325686232812682,0.451556262479026,0.512025642137815,0.245745882862682,0.463112634433546,0.53303351141421,0.312123427262682,0.45119144913433,0.483972922989521,0.366367270562681,0.558427163465345,0.53423552099678,0.392554201662682,0.51356106915606,0.557306597915925,0.446396637662682,0.536742247000605,0.550662678121965,0.51365212766268,0.484411461153391,0.551975359734585,0.56716701811268,0.56760438434728,0.509019032836575,0.64813977056268,0.55811200469006,0.53031166368554,0.76847640786268,0.482053586481003,0.44232927770413,0.231879627662682,0.53438437230322,0.441016596048211,0.285394518112682,0.51120436205052,0.436013026170567,0.352606809612682,0.556888275651015,0.456925992315217,0.406719280112682,0.45123800684025,0.51189380740166,0.432439740562682,0.460683828766547,0.462680292097254,0.486703907862682,0.449926834261083,0.484247229477051,0.55331103136268,0.481189719480599,0.443513231368447,0.60745873281268,0.50759147140609,0.55697892961223,0.63437930961268,0.461907557805593,0.53606596346758,0.68849178011268,0.484490717156056,0.550746542258005,0.75505616566268,0.534305116325555,0.442245413568092,0.473283665662682,0.567239570977585,0.480966313644981,0.52751838286268,0.55568319902306,0.459958444368588,0.59389592726268,0.460368669991265,0.458756434786014,0.67432670166268,0.50523476430055,0.435685357866872,0.72816913766268,0.56755782661636,0.481098148381137,0.71421224056268,0.52833824130363,0.496963811879674,0.82507923612754,0.490919469663067,0.496907100913328,0.825205694398485,0.0,6.5,1.7277974
0.568868999220525,0.508744726349045,0.271538531362682,0.53760611397601,0.54947872441435,0.325686232812682,0.451556262479026,0.512025642137815,0.245745882862682,0.463112634433546,0.53303351141421,0.312123427262682,0.45119144913433,0.483972922989521,0.366367270562681,0.558427163465345,0.53423552099678,0.392554201662682,0.51356106915606,0.557306597915925,0.446396637662682,0.536742247000605,0.550662678121965,0.51365212766268,0.484411461153391,0.551975359734585,0.56716701811268,0.56760438434728,0.509019032836575,0.64813977056268,0.55811200469006,0.53031166368554,0.76847640786268,0.482053586481003,0.44232927770413,0.231879627662682,0.53438437230322,0.441016596048211,0.285394518112682,0.51120436205052,0.436013026170567,0.352606809612682,0.556888275651015,0.456925992315217,0.406719280112682,0.45123800684025,0.51189380740166,0.432439740562682,0.460683828766547,0.462680292097254,0.486703907862682,0.449926834261083,0.484247229477051,0.55331103136268,0.481189719480599,0.443513231368447,0.60745873281268,0.50759147140609,0.55697892961223,0.63437930961268,0.461907557805593,0.53606596346758,0.68849178011268,0.484490717156056,0.550746542258005,0.75505616566268,0.534305116325555,0.442245413568092,0.473283665662682,0.567239570977585,0.480966313644981,0.52751838286268,0.55568319902306,0.459958444368588,0.59389592726268,0.460368669991265,0.458756434786014,0.67432670166268,0.50523476430055,0.435685357866872,0.72816913766268,0.56755782661636,0.481098148381137,0.71421224056268,0.528321989974781,0.496909314805272,0.850788866726948,0.49090321833422,0.496852603838926,0.850915324997893,0.0,7.0,0.8726438
0.568868999220526,0.508744726349046,0.271538531362681,0.53760611397601,0.549478724414348,0.325686232812681,0.451556262479025,0.512025642137814,0.245745882862681,0.463112634433546,0.533033511414208,0.312123427262681,0.451191449134329,0.483972922989521,0.366367270562681,0.558427163465344,0.534235520996781,0.392554201662682,0.513561069156059,0.557306597915924,0.446396637662682,0.536742247000605,0.550662678121967,0.513652127662681,0.484411461153391,0.551975359734584,0.567167018112682,0.567604384347279,0.509019032836575,0.648139770562682,0.558112004690062,0.530311663685541,0.768476407862681,0.482053586481003,0.44232927770413,0.231879627662681,0.534384372303218,0.441016596048211,0.285394518112681,0.511204362050518,0.436013026170567,0.352606809612681,0.556888275651017,0.456925992315217,0.406719280112681,0.451238006840249,0.511893807401658,0.432439740562682,0.460683828766547,0.462680292097254,0.486703907862681,0.449926834261083,0.484247229477051,0.553311031362682,0.481189719480599,0.443513231368447,0.607458732812682,0.50759147140609,0.556978929612228,0.634379309612681,0.461907557805592,0.536065963467578,0.688491780112681,0.484490717156055,0.550746542258004,0.755056165662681,0.534305116325553,0.442245413568092,0.473283665662681,0.567239570977583,0.480966313644981,0.527518382862682,0.555683199023062,0.459958444368587,0.593895927262681,0.460368669991265,0.458756434786014,0.674326701662681,0.505234764300549,0.435685357866871,0.728169137662681,0.567557826616359,0.481098148381137,0.714212240562682,-0.471833817804384,0.496611638057635,0.500542298115182,-0.509252589444943,0.496741158267424,0.500492979323133,0.0,0.0,11.9502334
0.568868999220525,0.508744726349045,0.271538531362682,0.53760611397601,0.54947872441435,0.325686232812682,0.451556262479026,0.512025642137815,0.245745882862682,0.463112634433546,0.53303351141421,0.312123427262682,0.45119144913433,0.483972922989521,0.366367270562681,0.558427163465345,0.53423552099678,0.392554201662682,0.51356106915606,0.557306597915925,0.446396637662682,0.536742247000605,0.550662678121965,0.51365212766268,0.484411461153391,0.551975359734585,0.56716701811268,0.56760438434728,0.509019032836575,0.64813977056268,0.55811200469006,0.53031166368554,0.76847640786268,0.482053586481003,0.44232927770413,0.231879627662682,0.53438437230322,0.441016596048211,0.285394518112682,0.51120436205052,0.436013026170567,0.352606809612682,0.556888275651015,0.456925992315217,0.406719280112682,0.45123800684025,0.51189380740166,0.432439740562682,0.460683828766547,0.462680292097254,0.486703907862682,0.449926834261083,0.484247229477051,0.55331103136268,0.481189719480599,0.443513231368447,0.60745873281268,0.50759147140609,0.55697892961223,0.63437930961268,0.461907557805593,0.53606596346758,0.68849178011268,0.484490717156056,0.550746542258005,0.75505616566268,0.534305116325555,0.442245413568092,0.473283665662682,0.567239570977585,0.480966313644981,0.52751838286268,0.55568319902306,0.459958444368588,0.59389592726268,0.460368669991265,0.458756434786014,0.67432670166268,0.50523476430055,0.435685357866872,0.72816913766268,0.56755782661636,0.481098148381137,0.71421224056268,0.490594087794107,0.496712771767218,0.474117529346914,0.528013021692926,0.496770503947881,0.474056440988969,0.0,0.5,11.6028164
0.568868999220525,0.508744726349045,0.271538531362682,0.53760611397601,0.54947872441435,0.325686232812682,0.451556262479026,0.512025642137815,0.245745882862682,0.463112634433546,0.53303351141421,0.312123427262682,0.45119144913433,0.483972922989521,0.366367270562681,0.558427163465345,0.53423552099678,0.392554201662682,0.51356106915606,0.557306597915925,0.446396637662682,0.536742247000605,0.550662678121965,0.51365212766268,0.484411461153391,0.551975359734585,0.56716701811268,0.56760438434728,0.509019032836575,0.64813977056268,0.55811200469006,0.53031166368554,0.76847640786268,0.482053586481003,0.44232927770413,0.231879627662682,0.53438437230322,0.441016596048211,0.285394518112682,0.51120436205052,0.436013026170567,0.352606809612682,0.556888275651015,0.456925992315217,0.406719280112682,0.45123800684025,0.51189380740166,0.432439740562682,0.460683828766547,0.462680292097254,0.486703907862682,0.449926834261083,0.484247229477051,0.55331103136268,0.481189719480599,0.443513231368447,0.60745873281268,0.50759147140609,0.55697892961223,0.63437930961268,0.461907557805593,0.53606596346758,0.68849178011268,0.484490717156056,0.550746542258005,0.75505616566268,0.534305116325555,0.442245413568092,0.473283665662682,0.567239570977585,0.480966313644981,0.52751838286268,0.55568319902306,0.459958444368588,0.59389592726268,0.460368669991265,0.458756434786014,0.67432670166268,0.50523476430055,0.435685357866872,0.72816913766268,0.56755782661636,0.481098148381137,0.71421224056268,0.490504575553458,0.496780807601019,0.449219053463087,0.527923216317832,0.49683746936695,0.449379651431673,0.0,1.0,11.6822384
0.568868999220525,0.508744726349045,0.271538531362682,0.53760611397601,0.54947872441435,0.325686232812682,0.451556262479026,0.512025642137815,0.245745882862682,0.463112634433546,0.53303351141421,0.312123427262682,0.45119144913433,0.483972922989521,0.366367270562681,0.558427163465345,0.53423552099678,0.392554201662682,0.51356106915606,0.557306597915925,0.446396637662682,0.536742247000605,0.550662678121965,0.51365212766268,0.484411461153391,0.551975359734585,0.56716701811268,0.56760438434728,0.509019032836575,0.64813977056268,0.55811200469006,0.53031166368554,0.76847640786268,0.482053586481003,0.44232927770413,0.231879627662682,0.53438437230322,0.441016596048211,0.285394518112682,0.51120436205052,0.436013026170567,0.352606809612682,0.556888275651015,0.456925992315217,0.406719280112682,0.45123800684025,0.51189380740166,0.432439740562682,0.460683828766547,0.462680292097254,0.486703907862682,0.449926834261083,0.484247229477051,0.55331103136268,0.481189719480599,0.443513231368447,0.60745873281268,0.50759147140609,0.55697892961223,0.63437930961268,0.461907557805593,0.53606596346758,0.68849178011268,0.484490717156056,0.550746542258005,0.75505616566268,0.534305116325555,0.442245413568092,0.473283665662682,0.567239570977585,0.480966313644981,0.52751838286268,0.55568319902306,0.459958444368588,0.59389592726268,0.460368669991265,0.458756434786014,0.67432670166268,0.50523476430055,0.435685357866872,0.72816913766268,0.56755782661636,0.481098148381137,0.71421224056268,0.49047762020897,0.497005497987914,0.424829668718566,0.527892531737318,0.497061360596476,0.425381894769554,0.0,1.5,12.0688022
0.568868999220525,0.508744726349045,0.271538531362682,0.53760611397601,0.54947872441435,0.325686232812682,0.451556262479026,0.512025642137815,0.245745882862682,0.463112634433546,0.53303351141421,0.312123427262682,0.45119144913433,0.483972922989521,0.366367270562681,0.558427163465345,0.53423552099678,0.392554201662682,0.51356106915606,0.557306597915925,0.446396637662682,0.536742247000605,0.550662678121965,0.51365212766268,0.484411461153391,0.551975359734585,0.56716701811268,0.56760438434728,0.509019032836575,0.64813977056268,0.55811200469006,0.53031166368554,0.76847640786268,0.482053586481003,0.44232927770413,0.231879627662682,0.53438437230322,0.441016596048211,0.285394518112682,0.51120436205052,0.436013026170567,0.352606809612682,0.556888275651015,0.456925992315217,0.406719280112682,0.45123800684025,0.51189380740166,0.432439740562682,0.460683828766547,0.462680292097254,0.486703907862682,0.449926834261083,0.484247229477051,0.55331103136268,0.481189719480599,0.443513231368447,0.60745873281268,0.50759147140609,0.55697892961223,0.63437930961268,0.461907557805593,0.53606596346758,0.68849178011268,0.484490717156056,0.550746542258005,0.75505616566268,0.534305116325555,0.442245413568092,0.473283665662682,0.567239570977585,0.480966313644981,0.52751838286268,0.55568319902306,0.459958444368588,0.59389592726268,0.460368669991265,0.458756434786014,0.67432670166268,0.50523476430055,0.435685357866872,0.72816913766268,0.56755782661636,0.481098148381137,0.71421224056268,0.490353094203305,0.496501661859168,0.399037299939908,0.52777207691636,0.496557835788084,0.399021295990648,0.0,2.0,11.4388946
0.568868999220525,0.508744726349045,0.271538531362682,0.53760611397601,0.54947872441435,0.325686232812682,0.451556262479026,0.512025642137815,0.245745882862682,0.463112634433546,0.53303351141421,0.312123427262682,0.45119144913433,0.483972922989521,0.366367270562681,0.558427163465345,0.53423552099678,0.392554201662682,0.51356106915606,0.557306597915925,0.446396637662682,0.536742247000605,0.550662678121965,0.51365212766268,0.484411461153391,0.551975359734585,0.56716701811268,0.56760438434728,0.509019032836575,0.64813977056268,0.55811200469006,0.53031166368554,0.76847640786268,0.482053586481003,0.44232927770413,0.231879627662682,0.53438437230322,0.441016596048211,0.285394518112682,0.51120436205052,0.436013026170567,0.352606809612682,0.556888275651015,0.456925992315217,0.406719280112682,0.45123800684025,0.51189380740166,0.432439740562682,0.460683828766547,0.462680292097254,0.486703907862682,0.449926834261083,0.484247229477051,0.55331103136268,0.481189719480599,0.443513231368447,0.60745873281268,0.50759147140609,0.55697892961223,0.63437930961268,0.461907557805593,0.53606596346758,0.68849178011268,0.484490717156056,0.550746542258005,0.75505616566268,0.534305116325555,0.442245413568092,0.473283665662682,0.567239570977585,0.480966313644981,0.52751838286268,0.55568319902306,0.459958444368588,0.59389592726268,0.460368669991265,0.458756434786014,0.67432670166268,0.50523476430055,0.435685357866872,0.72816913766268,0.56755782661636,0.481098148381137,0.71421224056268,0.490389176851321,0.496264932555015,0.374682267189341,0.527806792615979,0.496321988291798,0.375002351627657,0.0,2.5,11.9747978
0.568868999220525,0.508744726349045,0.271538531362682,0.53760611397601,0.54947872441435,0.325686232812682,0.451556262479026,0.512025642137815,0.245745882862682,0.463112634433546,0.53303351141421,0.312123427262682,0.45119144913433,0.483972922989521,0.366367270562681,0.558427163465345,0.53423552099678,0.392554201662682,0.51356106915606,0.557306597915925,0.446396637662682,0.536742247000605,0.550662678121965,0.51365212766268,0.484411461153391,0.551975359734585,0.56716701811268,0.56760438434728,0.509019032836575,0.64813977056268,0.55811200469006,0.53031166368554,0.76847640786268,0.482053586481003,0.44232927770413,0.231879627662682,0.53438437230322,0.441016596048211,0.285394518112682,0.51120436205052,0.436013026170567,0.352606809612682,0.556888275651015,0.456925992315217,0.406719280112682,0.45123800684025,0.51189380740166,0.432439740562682,0.460683828766547,0.462680292097254,0.486703907862682,0.449926834261083,0.484247229477051,0.55331103136268,0.481189719480599,0.443513231368447,0.60745873281268,0.50759147140609,0.55697892961223,0.63437930961268,0.461907557805593,0.53606596346758,0.68849178011268,0.484490717156056,0.550746542258005,0.75505616566268,0.534305116325555,0.442245413568092,0.473283665662682,0.567239570977585,0.480966313644981,0.52751838286268,0.55568319902306,0.459958444368588,0.59389592726268,0.460368669991265,0.458756434786014,0.67432670166268,0.50523476430055,0.435685357866872,0.72816913766268,0.56755782661636,0.481098148381137,0.71421224056268,0.490403101161455,0.496249805624313,0.347371379900053,0.527820554732186,0.496307189226896,0.347032921157182,0.0,3.0,11.3520512
0.568868999220525,0.508744726349045,0.271538531362682,0.53760611397601,0.54947872441435,0.325686232812682,0.451556262479026,0.512025642137815,0.245745882862682,0.463112634433546,0.53303351141421,0.312123427262682,0.45119144913433,0.483972922989521,0.366367270562681,0.558427163465345,0.53423552099678,0.392554201662682,0.51356106915606,0.557306597915925,0.446396637662682,0.536742247000605,0.550662678121965,0.51365212766268,0.484411461153391,0.551975359734585,0.56716701811268,0.56760438434728,0.509019032836575,0.64813977056268,0.55811200469006,0.53031166368554,0.76847640786268,0.482053586481003,0.44232927770413,0.231879627662682,0.53438437230322,0.441016596048211,0.285394518112682,0.51120436205052,0.436013026170567,0.352606809612682,0.556888275651015,0.456925992315217,0.406719280112682,0.45123800684025,0.51189380740166,0.432439740562682,0.460683828766547,0.462680292097254,0.486703907862682,0.449926834261083,0.484247229477051,0.55331103136268,0.481189719480599,0.443513231368447,0.60745873281268,0.50759147140609,0.55697892961223,0.63437930961268,0.461907557805593,0.53606596346758,0.68849178011268,0.484490717156056,0.550746542258005,0.75505616566268,0.534305116325555,0.442245413568092,0.473283665662682,0.567239570977585,0.480966313644981,0.52751838286268,0.55568319902306,0.459958444368588,0.59389592726268,0.460368669991265,0.458756434786014,0.67432670166268,0.50523476430055,0.435685357866872,0.72816913766268,0.56755782661636,0.481098148381137,0.71421224056268,0.490317742371503,0.496432619642265,0.32406730151473,0.527736167794633,0.496489976217709,0.324271820445988,0.0,3.5,11.1584438
0.568868999220525,0.508744726349045,0.271538531362682,0.53760611397601,0.54947872441435,0.325686232812682,0.451556262479026,0.512025642137815,0.245745882862682,0.463112634433546,0.53303351141421,0.312123427262682,0.45119144913433,0.483972922989521,0.366367270562681,0.558427163465345,0.53423552099678,0.392554201662682,0.51356106915606,0.557306597915925,0.446396637662682,0.536742247000605,0.550662678121965,0.51365212766268,0.484411461153391,0.551975359734585,0.56716701811268,0.56760438434728,0.509019032836575,0.64813977056268,0.55811200469006,0.53031166368554,0.76847640786268,0.482053586481003,0.44232927770413,0.231879627662682,0.53438437230322,0.441016596048211,0.285394518112682,0.51120436205052,0.436013026170567,0.352606809612682,0.556888275651015,0.456925992315217,0.406719280112682,0.45123800684025,0.51189380740166,0.432439740562682,0.460683828766547,0.462680292097254,0.486703907862682,0.449926834261083,0.484247229477051,0.55331103136268,0.481189719480599,0.443513231368447,0.60745873281268,0.50759147140609,0.55697892961223,0.63437930961268,0.461907557805593,0.53606596346758,0.68849178011268,0.484490717156056,0.550746542258005,0.75505616566268,0.534305116325555,0.442245413568092,0.473283665662682,0.567239570977585,0.480966313644981,0.52751838286268,0.55568319902306,0.459958444368588,0.59389592726268,0.460368669991265,0.458756434786014,0.67432670166268,0.50523476430055,0.435685357866872,0.72816913766268,0.56755782661636,0.481098148381137,0.71421224056268,0.490429757114124,0.496495705762005,0.299306819342397,0.527848733741897,0.496552124147685,0.299280665717498,0.0,4.0,11.3292662
0.568868999220525,0.508744726349045,0.271538531362682,0.53760611397601,0.54947872441435,0.325686232812682,0.451556262479026,0.512025642137815,0.245745882862682,0.463112634433546,0.53303351141421,0.312123427262682,0.45119144913433,0.483972922989521,0.366367270562681,0.558427163465345,0.53423552099678,0.392554201662682,0.51356106915606,0.557306597915925,0.446396637662682,0.536742247000605,0.550662678121965,0.51365212766268,0.484411461153391,0.551975359734585,0.56716701811268,0.56760438434728,0.509019032836575,0.64813977056268,0.55811200469006,0.53031166368554,0.76847640786268,0.482053586481003,0.44232927770413,0.231879627662682,0.53438437230322,0.441016596048211,0.285394518112682,0.51120436205052,0.436013026170567,0.352606809612682,0.556888275651015,0.456925992315217,0.406719280112682,0.45123800684025,0.51189380740166,0.432439740562682,0.460683828766547,0.462680292097254,0.486703907862682,0.449926834261083,0.484247229477051,0.55331103136268,0.481189719480599,0.443513231368447,0.60745873281268,0.50759147140609,0.55697892961223,0.63437930961268,0.461907557805593,0.53606596346758,0.68849178011268,0.484490717156056,0.550746542258005,0.75505616566268,0.534305116325555,0.442245413568092,0.473283665662682,0.567239570977585,0.480966313644981,0.52751838286268,0.55568319902306,0.459958444368588,0.59389592726268,0.460368669991265,0.458756434786014,0.67432670166268,0.50523476430055,0.435685357866872,0.72816913766268,0.56755782661636,0.481098148381137,0.71421224056268,0.490464515639722,0.496430209206853,0.274856088389781,0.527883233190929,0.496488604130663,0.274996963413838,0.0,4.5,11.794167
0.568868999220525,0.508744726349045,0.271538531362682,0.53760611397601,0.54947872441435,0.325686232812682,0.451556262479026,0.512025642137815,0.245745882862682,0.463112634433546,0.53303351141421,0.312123427262682,0.45119144913433,0.483972922989521,0.366367270562681,0.558427163465345,0.53423552099678,0.392554201662682,0.51356106915606,0.557306597915925,0.446396637662682,0.536742247000605,0.550662678121965,0.51365212766268,0.484411461153391,0.551975359734585,0.56716701811268,0.56760438434728,0.509019032836575,0.64813977056268,0.55811200469006,0.53031166368554,0.76847640786268,0.482053586481003,0.44232927770413,0.231879627662682,0.53438437230322,0.441016596048211,0.285394518112682,0.51120436205052,0.436013026170567,0.352606809612682,0.556888275651015,0.456925992315217,0.406719280112682,0.45123800684025,0.51189380740166,0.432439740562682,0.460683828766547,0.462680292097254,0.486703907862682,0.449926834261083,0.484247229477051,0.55331103136268,0.481189719480599,0.443513231368447,0.60745873281268,0.50759147140609,0.55697892961223,0.63437930961268,0.461907557805593,0.53606596346758,0.68849178011268,0.484490717156056,0.550746542258005,0.75505616566268,0.534305116325555,0.442245413568092,0.473283665662682,0.567239570977585,0.480966313644981,0.52751838286268,0.55568319902306,0.459958444368588,0.59389592726268,0.460368669991265,0.458756434786014,0.67432670166268,0.50523476430055,0.435685357866872,0.72816913766268,0.56755782661636,0.481098148381137,0.71421224056268,0.490399544612108,0.496529818086198,0.246553224046352,0.527813658662133,0.496578106278228,0.247157721373555,0.0,5.0,9.423659
0.568868999220525,0.508744726349045,0.271538531362682,0.53760611397601,0.54947872441435,0.325686232812682,0.451556262479026,0.512025642137815,0.245745882862682,0.463112634433546,0.53303351141421,0.312123427262682,0.45119144913433,0.483972922989521,0.366367270562681,0.558427163465345,0.53423552099678,0.392554201662682,0.51356106915606,0.557306597915925,0.446396637662682,0.536742247000605,0.550662678121965,0.51365212766268,0.484411461153391,0.551975359734585,0.56716701811268,0.56760438434728,0.509019032836575,0.64813977056268,0.55811200469006,0.53031166368554,0.76847640786268,0.482053586481003,0.44232927770413,0.231879627662682,0.53438437230322,0.441016596048211,0.285394518112682,0.51120436205052,0.436013026170567,0.352606809612682,0.556888275651015,0.456925992315217,0.406719280112682,0.45123800684025,0.51189380740166,0.432439740562682,0.460683828766547,0.462680292097254,0.486703907862682,0.449926834261083,0.484247229477051,0.55331103136268,0.481189719480599,0.443513231368447,0.60745873281268,0.50759147140609,0.55697892961223,0.63437930961268,0.461907557805593,0.53606596346758,0.68849178011268,0.484490717156056,0.550746542258005,0.75505616566268,0.534305116325555,0.442245413568092,0.473283665662682,0.567239570977585,0.480966313644981,0.52751838286268,0.55568319902306,0.459958444368588,0.59389592726268,0.460368669991265,0.458756434786014,0.67432670166268,0.50523476430055,0.435685357866872,0.72816913766268,0.56755782661636,0.481098148381137,0.71421224056268,0.49040035565757,0.49632080267202,0.224464610891656,0.527815557657893,0.496379474286688,0.224996490419889,0.0,5.5,5.7744134
0.568868999220525,0.508744726349045,0.271538531362682,0.53760611397601,0.54947872441435,0.325686232812682,0.451556262479026,0.512025642137815,0.245745882862682,0.463112634433546,0.53303351141421,0.312123427262682,0.45119144913433,0.483972922989521,0.366367270562681,0.558427163465345,0.53423552099678,0.392554201662682,0.51356106915606,0.557306597915925,0.446396637662682,0.536742247000605,0.550662678121965,0.51365212766268,0.484411461153391,0.551975359734585,0.56716701811268,0.56760438434728,0.509019032836575,0.64813977056268,0.55811200469006,0.53031166368554,0.76847640786268,0.482053586481003,0.44232927770413,0.231879627662682,0.53438437230322,0.441016596048211,0.285394518112682,0.51120436205052,0.436013026170567,0.352606809612682,0.556888275651015,0.456925992315217,0.406719280112682,0.45123800684025,0.51189380740166,0.432439740562682,0.460683828766547,0.462680292097254,0.486703907862682,0.449926834261083,0.484247229477051,0.55331103136268,0.481189719480599,0.443513231368447,0.60745873281268,0.50759147140609,0.55697892961223,0.63437930961268,0.461907557805593,0.53606596346758,0.68849178011268,0.484490717156056,0.550746542258005,0.75505616566268,0.534305116325555,0.442245413568092,0.473283665662682,0.567239570977585,0.480966313644981,0.52751838286268,0.55568319902306,0.459958444368588,0.59389592726268,0.460368669991265,0.458756434786014,0.67432670166268,0.50523476430055,0.435685357866872,0.72816913766268,0.56755782661636,0.481098148381137,0.71421224056268,0.490432624138368,0.496382332897536,0.199674887422547,0.527851080530994,0.496438776308851,0.199475854133068,0.0,6.0,2.654995
0.568868999220525,0.508744726349045,0.271538531362682,0.53760611397601,0.54947872441435,0.325686232812682,0.451556262479026,0.512025642137815,0.245745882862682,0.463112634433546,0.53303351141421,0.312123427262682,0.45119144913433,0.483972922989521,0.366367270562681,0.558427163465345,0.53423552099678,0.392554201662682,0.51356106915606,0.557306597915925,0.446396637662682,0.536742247000605,0.550662678121965,0.51365212766268,0.484411461153391,0.551975359734585,0.56716701811268,0.56760438434728,0.509019032836575,0.64813977056268,0.55811200469006,0.53031166368554,0.76847640786268,0.482053586481003,0.44232927770413,0.231879627662682,0.53438437230322,0.441016596048211,0.285394518112682,0.51120436205052,0.436013026170567,0.352606809612682,0.556888275651015,0.456925992315217,0.406719280112682,0.45123800684025,0.51189380740166,0.432439740562682,0.460683828766547,0.462680292097254,0.486703907862682,0.449926834261083,0.484247229477051,0.55331103136268,0.481189719480599,0.443513231368447,0.60745873281268,0.50759147140609,0.55697892961223,0.63437930961268,0.461907557805593,0.53606596346758,0.68849178011268,0.484490717156056,0.550746542258005,0.75505616566268,0.534305116325555,0.442245413568092,0.473283665662682,0.567239570977585,0.480966313644981,0.52751838286268,0.55568319902306,0.459958444368588,0.59389592726268,0.460368669991265,0.458756434786014,0.67432670166268,0.50523476430055,0.435685357866872,0.72816913766268,0.56755782661636,0.481098148381137,0.71421224056268,0.490435683914531,0.496398238863386,0.174305468842742,0.52785466690618,0.496454820378796,0.174291709534001,0.0,6.5,1.8637262
0.568868999220525,0.508744726349045,0.271538531362682,0.53760611397601,0.54947872441435,0.325686232812682,0.451556262479026,0.512025642137815,0.245745882862682,0.463112634433546,0.53303351141421,0.312123427262682,0.45119144913433,0.483972922989521,0.366367270562681,0.558427163465345,0.53423552099678,0.392554201662682,0.51356106915606,0.557306597915925,0.446396637662682,0.536742247000605,0.550662678121965,0.51365212766268,0.484411461153391,0.551975359734585,0.56716701811268,0.56760438434728,0.509019032836575,0.64813977056268,0.55811200469006,0.53031166368554,0.76847640786268,0.482053586481003,0.44232927770413,0.231879627662682,0.53438437230322,0.441016596048211,0.285394518112682,0.51120436205052,0.436013026170567,0.352606809612682,0.556888275651015,0.456925992315217,0.406719280112682,0.45123800684025,0.51189380740166,0.432439740562682,0.460683828766547,0.462680292097254,0.486703907862682,0.449926834261083,0.484247229477051,0.55331103136268,0.481189719480599,0.443513231368447,0.60745873281268,0.50759147140609,0.55697892961223,0.63437930961268,0.461907557805593,0.53606596346758,0.68849178011268,0.484490717156056,0.550746542258005,0.75505616566268,0.534305116325555,0.442245413568092,0.473283665662682,0.567239570977585,0.480966313644981,0.52751838286268,0.55568319902306,0.459958444368588,0.59389592726268,0.460368669991265,0.458756434786014,0.67432670166268,0.50523476430055,0.435685357866872,0.72816913766268,0.56755782661636,0.481098148381137,0.71421224056268,0.490441806385504,0.496538743126299,0.15005378442017,0.527860766628031,0.496595511850892,0.150097034810151,0.0,7.0,0.8667848
0.568868999220525,0.508744726349045,0.271538531362682,0.53760611397601,0.54947872441435,0.325686232812682,0.451556262479026,0.512025642137815,0.245745882862682,0.463112634433546,0.53303351141421,0.312123427262682,0.45119144913433,0.483972922989521,0.366367270562681,0.558427163465345,0.53423552099678,0.392554201662682,0.51356106915606,0.557306597915925,0.446396637662682,0.536742247000605,0.550662678121965,0.51365212766268,0.484411461153391,0.551975359734585,0.56716701811268,0.56760438434728,0.509019032836575,0.64813977056268,0.55811200469006,0.53031166368554,0.76847640786268,0.482053586481003,0.44232927770413,0.231879627662682,0.53438437230322,0.441016596048211,0.285394518112682,0.51120436205052,0.436013026170567,0.352606809612682,0.556888275651015,0.456925992315217,0.406719280112682,0.45123800684025,0.51189380740166,0.432439740562682,0.460683828766547,0.462680292097254,0.486703907862682,0.449926834261083,0.484247229477051,0.55331103136268,0.481189719480599,0.443513231368447,0.60745873281268,0.50759147140609,0.55697892961223,0.63437930961268,0.461907557805593,0.53606596346758,0.68849178011268,0.484490717156056,0.550746542258005,0.75505616566268,0.534305116325555,0.442245413568092,0.473283665662682,0.567239570977585,0.480966313644981,0.52751838286268,0.55568319902306,0.459958444368588,0.59389592726268,0.460368669991265,0.458756434786014,0.67432670166268,0.50523476430055,0.435685357866872,0.72816913766268,0.56755782661636,0.481098148381137,0.71421224056268,0.52250317396891,0.510066565364482,0.525244088955776,0.496084291907373,0.483567393514438,0.525386359110395,45.0,0.5,12.3535496
0.568868999220525,0.508744726349045,0.271538531362682,0.53760611397601,0.54947872441435,0.325686232812682,0.451556262479026,0.512025642137815,0.245745882862682,0.463112634433546,0.53303351141421,0.312123427262682,0.45119144913433,0.483972922989521,0.366367270562681,0.558427163465345,0.53423552099678,0.392554201662682,0.51356106915606,0.557306597915925,0.446396637662682,0.536742247000605,0.550662678121965,0.51365212766268,0.484411461153391,0.551975359734585,0.56716701811268,0.56760438434728,0.509019032836575,0.64813977056268,0.55811200469006,0.53031166368554,0.76847640786268,0.482053586481003,0.44232927770413,0.231879627662682,0.53438437230322,0.441016596048211,0.285394518112682,0.51120436205052,0.436013026170567,0.352606809612682,0.556888275651015,0.456925992315217,0.406719280112682,0.45123800684025,0.51189380740166,0.432439740562682,0.460683828766547,0.462680292097254,0.486703907862682,0.449926834261083,0.484247229477051,0.55331103136268,0.481189719480599,0.443513231368447,0.60745873281268,0.50759147140609,0.55697892961223,0.63437930961268,0.461907557805593,0.53606596346758,0.68849178011268,0.484490717156056,0.550746542258005,0.75505616566268,0.534305116325555,0.442245413568092,0.473283665662682,0.567239570977585,0.480966313644981,0.52751838286268,0.55568319902306,0.459958444368588,0.59389592726268,0.460368669991265,0.458756434786014,0.67432670166268,0.50523476430055,0.435685357866872,0.72816913766268,0.56755782661636,0.481098148381137,0.71421224056268,0.522517203714021,0.510215909395992,0.552396922748282,0.49609823725218,0.483716741516411,0.552523381019227,45.0,1.0,11.586281
0.568868999220525,0.508744726349045,0.271538531362682,0.53760611397601,0.54947872441435,0.325686232812682,0.451556262479026,0.512025642137815,0.245745882862682,0.463112634433546,0.53303351141421,0.312123427262682,0.45119144913433,0.483972922989521,0.366367270562681,0.558427163465345,0.53423552099678,0.392554201662682,0.51356106915606,0.557306597915925,0.446396637662682,0.536742247000605,0.550662678121965,0.51365212766268,0.484411461153391,0.551975359734585,0.56716701811268,0.56760438434728,0.509019032836575,0.64813977056268,0.55811200469006,0.53031166368554,0.76847640786268,0.482053586481003,0.44232927770413,0.231879627662682,0.53438437230322,0.441016596048211,0.285394518112682,0.51120436205052,0.436013026170567,0.352606809612682,0.556888275651015,0.456925992315217,0.406719280112682,0.45123800684025,0.51189380740166,0.432439740562682,0.460683828766547,0.462680292097254,0.486703907862682,0.449926834261083,0.484247229477051,0.55331103136268,0.481189719480599,0.443513231368447,0.60745873281268,0.50759147140609,0.55697892961223,0.63437930961268,0.461907557805593,0.53606596346758,0.68849178011268,0.484490717156056,0.550746542258005,0.75505616566268,0.534305116325555,0.442245413568092,0.473283665662682,0.567239570977585,0.480966313644981,0.52751838286268,0.55568319902306,0.459958444368588,0.59389592726268,0.460368669991265,0.458756434786014,0.67432670166268,0.50523476430055,0.435685357866872,0.72816913766268,0.56755782661636,0.481098148381137,0.71421224056268,0.522647848845672,0.510263564285499,0.57634920104007,0.496228882383833,0.48376439640592,0.576475659311015,45.0,1.5,11.3473206
0.568868999220525,0.508744726349045,0.271538531362682,0.53760611397601,0.54947872441435,0.325686232812682,0.451556262479026,0.512025642137815,0.245745882862682,0.463112634433546,0.53303351141421,0.312123427262682,0.45119144913433,0.483972922989521,0.366367270562681,0.558427163465345,0.53423552099678,0.392554201662682,0.51356106915606,0.557306597915925,0.446396637662682,0.536742247000605,0.550662678121965,0.51365212766268,0.484411461153391,0.551975359734585,0.56716701811268,0.56760438434728,0.509019032836575,0.64813977056268,0.55811200469006,0.53031166368554,0.76847640786268,0.482053586481003,0.44232927770413,0.231879627662682,0.53438437230322,0.441016596048211,0.285394518112682,0.51120436205052,0.436013026170567,0.352606809612682,0.556888275651015,0.456925992315217,0.406719280112682,0.45123800684025,0.51189380740166,0.432439740562682,0.460683828766547,0.462680292097254,0.486703907862682,0.449926834261083,0.484247229477051,0.55331103136268,0.481189719480599,0.443513231368447,0.60745873281268,0.50759147140609,0.55697892961223,0.63437930961268,0.461907557805593,0.53606596346758,0.68849178011268,0.484490717156056,0.550746542258005,0.75505616566268,0.534305116325555,0.442245413568092,0.473283665662682,0.567239570977585,0.480966313644981,0.52751838286268,0.55568319902306,0.459958444368588,0.59389592726268,0.460368669991265,0.458756434786014,0.67432670166268,0.50523476430055,0.435685357866872,0.72816913766268,0.56755782661636,0.481098148381137,0.71421224056268,0.522638876253433,0.510333122970676,0.60053424459721,0.496219909791593,0.483833955091095,0.600660702868155,45.0,2.0,11.902667
0.568868999220525,0.508744726349045,0.271538531362682,0.53760611397601,0.54947872441435,0.325686232812682,0.451556262479026,0.512025642137815,0.245745882862682,0.463112634433546,0.53303351141421,0.312123427262682,0.45119144913433,0.483972922989521,0.366367270562681,0.558427163465345,0.53423552099678,0.392554201662682,0.51356106915606,0.557306597915925,0.446396637662682,0.536742247000605,0.550662678121965,0.51365212766268,0.484411461153391,0.551975359734585,0.56716701811268,0.56760438434728,0.509019032836575,0.64813977056268,0.55811200469006,0.53031166368554,0.76847640786268,0.482053586481003,0.44232927770413,0.231879627662682,0.53438437230322,0.441016596048211,0.285394518112682,0.51120436205052,0.436013026170567,0.352606809612682,0.556888275651015,0.456925992315217,0.406719280112682,0.45123800684025,0.51189380740166,0.432439740562682,0.460683828766547,0.462680292097254,0.486703907862682,0.449926834261083,0.484247229477051,0.55331103136268,0.481189719480599,0.443513231368447,0.60745873281268,0.50759147140609,0.55697892961223,0.63437930961268,0.461907557805593,0.53606596346758,0.68849178011268,0.484490717156056,0.550746542258005,0.75505616566268,0.534305116325555,0.442245413568092,0.473283665662682,0.567239570977585,0.480966313644981,0.52751838286268,0.55568319902306,0.459958444368588,0.59389592726268,0.460368669991265,0.458756434786014,0.67432670166268,0.50523476430055,0.435685357866872,0.72816913766268,0.56755782661636,0.481098148381137,0.71421224056268,0.522807844072482,0.510278558264841,0.6271373131564,0.496388877610641,0.48377939038526,0.627263771427345,45.0,2.5,11.5173618
0.568868999220525,0.508744726349045,0.271538531362682,0.53760611397601,0.54947872441435,0.325686232812682,0.451556262479026,0.512025642137815,0.245745882862682,0.463112634433546,0.53303351141421,0.312123427262682,0.45119144913433,0.483972922989521,0.366367270562681,0.558427163465345,0.53423552099678,0.392554201662682,0.51356106915606,0.557306597915925,0.446396637662682,0.536742247000605,0.550662678121965,0.51365212766268,0.484411461153391,0.551975359734585,0.56716701811268,0.56760438434728,0.509019032836575,0.64813977056268,0.55811200469006,0.53031166368554,0.76847640786268,0.482053586481003,0.44232927770413,0.231879627662682,0.53438437230322,0.441016596048211,0.285394518112682,0.51120436205052,0.436013026170567,0.352606809612682,0.556888275651015,0.456925992315217,0.406719280112682,0.45123800684025,0.51189380740166,0.432439740562682,0.460683828766547,0.462680292097254,0.486703907862682,0.449926834261083,0.484247229477051,0.55331103136268,0.481189719480599,0.443513231368447,0.60745873281268,0.50759147140609,0.55697892961223,0.63437930961268,0.461907557805593,0.53606596346758,0.68849178011268,0.484490717156056,0.550746542258005,0.75505616566268,0.534305116325555,0.442245413568092,0.473283665662682,0.567239570977585,0.480966313644981,0.52751838286268,0.55568319902306,0.459958444368588,0.59389592726268,0.460368669991265,0.458756434786014,0.67432670166268,0.50523476430055,0.435685357866872,0.72816913766268,0.56755782661636,0.481098148381137,0.71421224056268,0.522863419230336,0.510080680194857,0.653285876473748,0.496444452768495,0.483581512315276,0.653412334744693,45.0,3.0,11.6206538
0.568868999220525,0.508744726349045,0.271538531362682,0.53760611397601,0.54947872441435,0.325686232812682,0.451556262479026,0.512025642137815,0.245745882862682,0.463112634433546,0.53303351141421,0.312123427262682,0.45119144913433,0.483972922989521,0.366367270562681,0.558427163465345,0.53423552099678,0.392554201662682,0.51356106915606,0.557306597915925,0.446396637662682,0.536742247000605,0.550662678121965,0.51365212766268,0.484411461153391,0.551975359734585,0.56716701811268,0.56760438434728,0.509019032836575,0.64813977056268,0.55811200469006,0.53031166368554,0.76847640786268,0.482053586481003,0.44232927770413,0.231879627662682,0.53438437230322,0.441016596048211,0.285394518112682,0.51120436205052,0.436013026170567,0.352606809612682,0.556888275651015,0.456925992315217,0.406719280112682,0.45123800684025,0.51189380740166,0.432439740562682,0.460683828766547,0.462680292097254,0.486703907862682,0.449926834261083,0.484247229477051,0.55331103136268,0.481189719480599,0.443513231368447,0.60745873281268,0.50759147140609,0.55697892961223,0.63437930961268,0.461907557805593,0.53606596346758,0.68849178011268,0.484490717156056,0.550746542258005,0.75505616566268,0.534305116325555,0.442245413568092,0.473283665662682,0.567239570977585,0.480966313644981,0.52751838286268,0.55568319902306,0.459958444368588,0.59389592726268,0.460368669991265,0.458756434786014,0.67432670166268,0.50523476430055,0.435685357866872,0.72816913766268,0.56755782661636,0.481098148381137,0.71421224056268,0.522857822253941,0.5102931282999,0.67505147036605,0.496438855792101,0.48379396042032,0.675177928636995,45.0,3.5,11.3329118
0.568868999220525,0.508744726349045,0.271538531362682,0.53760611397601,0.54947872441435,0.325686232812682,0.451556262479026,0.512025642137815,0.245745882862682,0.463112634433546,0.53303351141421,0.312123427262682,0.45119144913433,0.483972922989521,0.366367270562681,0.558427163465345,0.53423552099678,0.392554201662682,0.51356106915606,0.557306597915925,0.446396637662682,0.536742247000605,0.550662678121965,0.51365212766268,0.484411461153391,0.551975359734585,0.56716701811268,0.56760438434728,0.509019032836575,0.64813977056268,0.55811200469006,0.53031166368554,0.76847640786268,0.482053586481003,0.44232927770413,0.231879627662682,0.53438437230322,0.441016596048211,0.285394518112682,0.51120436205052,0.436013026170567,0.352606809612682,0.556888275651015,0.456925992315217,0.406719280112682,0.45123800684025,0.51189380740166,0.432439740562682,0.460683828766547,0.462680292097254,0.486703907862682,0.449926834261083,0.484247229477051,0.55331103136268,0.481189719480599,0.443513231368447,0.60745873281268,0.50759147140609,0.55697892961223,0.63437930961268,0.461907557805593,0.53606596346758,0.68849178011268,0.484490717156056,0.550746542258005,0.75505616566268,0.534305116325555,0.442245413568092,0.473283665662682,0.567239570977585,0.480966313644981,0.52751838286268,0.55568319902306,0.459958444368588,0.59389592726268,0.460368669991265,0.458756434786014,0.67432670166268,0.50523476430055,0.435685357866872,0.72816913766268,0.56755782661636,0.481098148381137,0.71421224056268,0.522984988827197,0.510400953150091,0.701244544799758,0.496566022365356,0.48390178527051,0.701371003070703,45.0,4.0,10.6235822
0.568868999220525,0.508744726349045,0.271538531362682,0.53760611397601,0.54947872441435,0.325686232812682,0.451556262479026,0.512025642137815,0.245745882862682,0.463112634433546,0.53303351141421,0.312123427262682,0.45119144913433,0.483972922989521,0.366367270562681,0.558427163465345,0.53423552099678,0.392554201662682,0.51356106915606,0.557306597915925,0.446396637662682,0.536742247000605,0.550662678121965,0.51365212766268,0.484411461153391,0.551975359734585,0.56716701811268,0.56760438434728,0.509019032836575,0.64813977056268,0.55811200469006,0.53031166368554,0.76847640786268,0.482053586481003,0.44232927770413,0.231879627662682,0.53438437230322,0.441016596048211,0.285394518112682,0.51120436205052,0.436013026170567,0.352606809612682,0.556888275651015,0.456925992315217,0.406719280112682,0.45123800684025,0.51189380740166,0.432439740562682,0.460683828766547,0.462680292097254,0.486703907862682,0.449926834261083,0.484247229477051,0.55331103136268,0.481189719480599,0.443513231368447,0.60745873281268,0.50759147140609,0.55697892961223,0.63437930961268,0.461907557805593,0.53606596346758,0.68849178011268,0.484490717156056,0.550746542258005,0.75505616566268,0.534305116325555,0.442245413568092,0.473283665662682,0.567239570977585,0.480966313644981,0.52751838286268,0.55568319902306,0.459958444368588,0.59389592726268,0.460368669991265,0.458756434786014,0.67432670166268,0.50523476430055,0.435685357866872,0.72816913766268,0.56755782661636,0.481098148381137,0.71421224056268,0.522950213728452,0.510322241586927,0.727393775434243,0.496531247266611,0.483823073707346,0.727520233705188,45.0,4.5,9.9853852
0.568868999220525,0.508744726349045,0.271538531362682,0.53760611397601,0.54947872441435,0.325686232812682,0.451556262479026,0.512025642137815,0.245745882862682,0.463112634433546,0.53303351141421,0.312123427262682,0.45119144913433,0.483972922989521,0.366367270562681,0.558427163465345,0.53423552099678,0.392554201662682,0.51356106915606,0.557306597915925,0.446396637662682,0.536742247000605,0.550662678121965,0.51365212766268,0.484411461153391,0.551975359734585,0.56716701811268,0.56760438434728,0.509019032836575,0.64813977056268,0.55811200469006,0.53031166368554,0.76847640786268,0.482053586481003,0.44232927770413,0.231879627662682,0.53438437230322,0.441016596048211,0.285394518112682,0.51120436205052,0.436013026170567,0.352606809612682,0.556888275651015,0.456925992315217,0.406719280112682,0.45123800684025,0.51189380740166,0.432439740562682,0.460683828766547,0.462680292097254,0.486703907862682,0.449926834261083,0.484247229477051,0.55331103136268,0.481189719480599,0.443513231368447,0.60745873281268,0.50759147140609,0.55697892961223,0.63437930961268,0.461907557805593,0.53606596346758,0.68849178011268,0.484490717156056,0.550746542258005,0.75505616566268,0.534305116325555,0.442245413568092,0.473283665662682,0.567239570977585,0.480966313644981,0.52751838286268,0.55568319902306,0.459958444368588,0.59389592726268,0.460368669991265,0.458756434786014,0.67432670166268,0.50523476430055,0.435685357866872,0.72816913766268,0.56755782661636,0.481098148381137,0.71421224056268,0.522862210924764,0.510334123059576,0.750877649504329,0.496443244462923,0.483834955179997,0.751004107775274,45.0,5.0,8.9036402
0.568868999220525,0.508744726349045,0.271538531362682,0.53760611397601,0.54947872441435,0.325686232812682,0.451556262479026,0.512025642137815,0.245745882862682,0.463112634433546,0.53303351141421,0.312123427262682,0.45119144913433,0.483972922989521,0.366367270562681,0.558427163465345,0.53423552099678,0.392554201662682,0.51356106915606,0.557306597915925,0.446396637662682,0.536742247000605,0.550662678121965,0.51365212766268,0.484411461153391,0.551975359734585,0.56716701811268,0.56760438434728,0.509019032836575,0.64813977056268,0.55811200469006,0.53031166368554,0.76847640786268,0.482053586481003,0.44232927770413,0.231879627662682,0.53438437230322,0.441016596048211,0.285394518112682,0.51120436205052,0.436013026170567,0.352606809612682,0.556888275651015,0.456925992315217,0.406719280112682,0.45123800684025,0.51189380740166,0.432439740562682,0.460683828766547,0.462680292097254,0.486703907862682,0.449926834261083,0.484247229477051,0.55331103136268,0.481189719480599,0.443513231368447,0.60745873281268,0.50759147140609,0.55697892961223,0.63437930961268,0.461907557805593,0.53606596346758,0.68849178011268,0.484490717156056,0.550746542258005,0.75505616566268,0.534305116325555,0.442245413568092,0.473283665662682,0.567239570977585,0.480966313644981,0.52751838286268,0.55568319902306,0.459958444368588,0.59389592726268,0.460368669991265,0.458756434786014,0.67432670166268,0.50523476430055,0.435685357866872,0.72816913766268,0.56755782661636,0.481098148381137,0.71421224056268,0.522880988747369,0.510424806489149,0.77675521139093,0.496462022285528,0.48392563860957,0.776881669661875,45.0,5.5,7.2118648
0.568868999220525,0.508744726349045,0.271538531362682,0.53760611397601,0.54947872441435,0.325686232812682,0.451556262479026,0.512025642137815,0.245745882862682,0.463112634433546,0.53303351141421,0.312123427262682,0.45119144913433,0.483972922989521,0.366367270562681,0.558427163465345,0.53423552099678,0.392554201662682,0.51356106915606,0.557306597915925,0.446396637662682,0.536742247000605,0.550662678121965,0.51365212766268,0.484411461153391,0.551975359734585,0.56716701811268,0.56760438434728,0.509019032836575,0.64813977056268,0.55811200469006,0.53031166368554,0.76847640786268,0.482053586481003,0.44232927770413,0.231879627662682,0.53438437230322,0.441016596048211,0.285394518112682,0.51120436205052,0.436013026170567,0.352606809612682,0.556888275651015,0.456925992315217,0.406719280112682,0.45123800684025,0.51189380740166,0.432439740562682,0.460683828766547,0.462680292097254,0.486703907862682,0.449926834261083,0.484247229477051,0.55331103136268,0.481189719480599,0.443513231368447,0.60745873281268,0.50759147140609,0.55697892961223,0.63437930961268,0.461907557805593,0.53606596346758,0.68849178011268,0.484490717156056,0.550746542258005,0.75505616566268,0.534305116325555,0.442245413568092,0.473283665662682,0.567239570977585,0.480966313644981,0.52751838286268,0.55568319902306,0.459958444368588,0.59389592726268,0.460368669991265,0.458756434786014,0.67432670166268,0.50523476430055,0.435685357866872,0.72816913766268,0.56755782661636,0.481098148381137,0.71421224056268,0.522831123346567,0.510200444068645,0.800866859066985,0.496412156884728,0.483701276189064,0.80099331733793,45.0,6.0,2.820566
0.568868999220525,0.508744726349045,0.271538531362682,0.53760611397601,0.54947872441435,0.325686232812682,0.451556262479026,0.512025642137815,0.245745882862682,0.463112634433546,0.53303351141421,0.312123427262682,0.45119144913433,0.483972922989521,0.366367270562681,0.558427163465345,0.53423552099678,0.392554201662682,0.51356106915606,0.557306597915925,0.446396637662682,0.536742247000605,0.550662678121965,0.51365212766268,0.484411461153391,0.551975359734585,0.56716701811268,0.56760438434728,0.509019032836575,0.64813977056268,0.55811200469006,0.53031166368554,0.76847640786268,0.482053586481003,0.44232927770413,0.231879627662682,0.53438437230322,0.441016596048211,0.285394518112682,0.51120436205052,0.436013026170567,0.352606809612682,0.556888275651015,0.456925992315217,0.406719280112682,0.45123800684025,0.51189380740166,0.432439740562682,0.460683828766547,0.462680292097254,0.486703907862682,0.449926834261083,0.484247229477051,0.55331103136268,0.481189719480599,0.443513231368447,0.60745873281268,0.50759147140609,0.55697892961223,0.63437930961268,0.461907557805593,0.53606596346758,0.68849178011268,0.484490717156056,0.550746542258005,0.75505616566268,0.534305116325555,0.442245413568092,0.473283665662682,0.567239570977585,0.480966313644981,0.52751838286268,0.55568319902306,0.459958444368588,0.59389592726268,0.460368669991265,0.458756434786014,0.67432670166268,0.50523476430055,0.435685357866872,0.72816913766268,0.56755782661636,0.481098148381137,0.71421224056268,0.522838338714269,0.510185040336293,0.82507923612754,0.496419372252427,0.483685872456709,0.825205694398485,45.0,6.5,1.7584378
0.568868999220525,0.508744726349045,0.271538531362682,0.53760611397601,0.54947872441435,0.325686232812682,0.451556262479026,0.512025642137815,0.245745882862682,0.463112634433546,0.53303351141421,0.312123427262682,0.45119144913433,0.483972922989521,0.366367270562681,0.558427163465345,0.53423552099678,0.392554201662682,0.51356106915606,0.557306597915925,0.446396637662682,0.536742247000605,0.550662678121965,0.51365212766268,0.484411461153391,0.551975359734585,0.56716701811268,0.56760438434728,0.509019032836575,0.64813977056268,0.55811200469006,0.53031166368554,0.76847640786268,0.482053586481003,0.44232927770413,0.231879627662682,0.53438437230322,0.441016596048211,0.285394518112682,0.51120436205052,0.436013026170567,0.352606809612682,0.556888275651015,0.456925992315217,0.406719280112682,0.45123800684025,0.51189380740166,0.432439740562682,0.460683828766547,0.462680292097254,0.486703907862682,0.449926834261083,0.484247229477051,0.55331103136268,0.481189719480599,0.443513231368447,0.60745873281268,0.50759147140609,0.55697892961223,0.63437930961268,0.461907557805593,0.53606596346758,0.68849178011268,0.484490717156056,0.550746542258005,0.75505616566268,0.534305116325555,0.442245413568092,0.473283665662682,0.567239570977585,0.480966313644981,0.52751838286268,0.55568319902306,0.459958444368588,0.59389592726268,0.460368669991265,0.458756434786014,0.67432670166268,0.50523476430055,0.435685357866872,0.72816913766268,0.56755782661636,0.481098148381137,0.71421224056268,0.522822087385421,0.51013054326189,0.850788866726948,0.49640312092358,0.483631375382308,0.850915324997893,45.0,7.0,0.8342348
0.568868999220525,0.508744726349045,0.271538531362682,0.53760611397601,0.54947872441435,0.325686232812682,0.451556262479026,0.512025642137815,0.245745882862682,0.463112634433546,0.53303351141421,0.312123427262682,0.45119144913433,0.483972922989521,0.366367270562681,0.558427163465345,0.53423552099678,0.392554201662682,0.51356106915606,0.557306597915925,0.446396637662682,0.536742247000605,0.550662678121965,0.51365212766268,0.484411461153391,0.551975359734585,0.56716701811268,0.56760438434728,0.509019032836575,0.64813977056268,0.55811200469006,0.53031166368554,0.76847640786268,0.482053586481003,0.44232927770413,0.231879627662682,0.53438437230322,0.441016596048211,0.285394518112682,0.51120436205052,0.436013026170567,0.352606809612682,0.556888275651015,0.456925992315217,0.406719280112682,0.45123800684025,0.51189380740166,0.432439740562682,0.460683828766547,0.462680292097254,0.486703907862682,0.449926834261083,0.484247229477051,0.55331103136268,0.481189719480599,0.443513231368447,0.60745873281268,0.50759147140609,0.55697892961223,0.63437930961268,0.461907557805593,0.53606596346758,0.68849178011268,0.484490717156056,0.550746542258005,0.75505616566268,0.534305116325555,0.442245413568092,0.473283665662682,0.567239570977585,0.480966313644981,0.52751838286268,0.55568319902306,0.459958444368588,0.59389592726268,0.460368669991265,0.458756434786014,0.67432670166268,0.50523476430055,0.435685357866872,0.72816913766268,0.56755782661636,0.481098148381137,0.71421224056268,0.522512752723796,0.50999165411955,0.474078181555242,0.496094356763237,0.483491621595549,0.474095788780641,45.0,0.5,12.5169072
0.568868999220525,0.508744726349045,0.271538531362682,0.53760611397601,0.54947872441435,0.325686232812682,0.451556262479026,0.512025642137815,0.245745882862682,0.463112634433546,0.53303351141421,0.312123427262682,0.45119144913433,0.483972922989521,0.366367270562681,0.558427163465345,0.53423552099678,0.392554201662682,0.51356106915606,0.557306597915925,0.446396637662682,0.536742247000605,0.550662678121965,0.51365212766268,0.484411461153391,0.551975359734585,0.56716701811268,0.56760438434728,0.509019032836575,0.64813977056268,0.55811200469006,0.53031166368554,0.76847640786268,0.482053586481003,0.44232927770413,0.231879627662682,0.53438437230322,0.441016596048211,0.285394518112682,0.51120436205052,0.436013026170567,0.352606809612682,0.556888275651015,0.456925992315217,0.406719280112682,0.45123800684025,0.51189380740166,0.432439740562682,0.460683828766547,0.462680292097254,0.486703907862682,0.449926834261083,0.484247229477051,0.55331103136268,0.481189719480599,0.443513231368447,0.60745873281268,0.50759147140609,0.55697892961223,0.63437930961268,0.461907557805593,0.53606596346758,0.68849178011268,0.484490717156056,0.550746542258005,0.75505616566268,0.534305116325555,0.442245413568092,0.473283665662682,0.567239570977585,0.480966313644981,0.52751838286268,0.55568319902306,0.459958444368588,0.59389592726268,0.460368669991265,0.458756434786014,0.67432670166268,0.50523476430055,0.435685357866872,0.72816913766268,0.56755782661636,0.481098148381137,0.71421224056268,0.52242329582578,0.510058206069895,0.449158347569468,0.49600449604551,0.483560070898074,0.449440357325293,45.0,1.0,11.2701988
0.568868999220525,0.508744726349045,0.271538531362682,0.53760611397601,0.54947872441435,0.325686232812682,0.451556262479026,0.512025642137815,0.245745882862682,0.463112634433546,0.53303351141421,0.312123427262682,0.45119144913433,0.483972922989521,0.366367270562681,0.558427163465345,0.53423552099678,0.392554201662682,0.51356106915606,0.557306597915925,0.446396637662682,0.536742247000605,0.550662678121965,0.51365212766268,0.484411461153391,0.551975359734585,0.56716701811268,0.56760438434728,0.509019032836575,0.64813977056268,0.55811200469006,0.53031166368554,0.76847640786268,0.482053586481003,0.44232927770413,0.231879627662682,0.53438437230322,0.441016596048211,0.285394518112682,0.51120436205052,0.436013026170567,0.352606809612682,0.556888275651015,0.456925992315217,0.406719280112682,0.45123800684025,0.51189380740166,0.432439740562682,0.460683828766547,0.462680292097254,0.486703907862682,0.449926834261083,0.484247229477051,0.55331103136268,0.481189719480599,0.443513231368447,0.60745873281268,0.50759147140609,0.55697892961223,0.63437930961268,0.461907557805593,0.53606596346758,0.68849178011268,0.484490717156056,0.550746542258005,0.75505616566268,0.534305116325555,0.442245413568092,0.473283665662682,0.567239570977585,0.480966313644981,0.52751838286268,0.55568319902306,0.459958444368588,0.59389592726268,0.460368669991265,0.458756434786014,0.67432670166268,0.50523476430055,0.435685357866872,0.72816913766268,0.56755782661636,0.481098148381137,0.71421224056268,0.522394114248437,0.510283476727058,0.425046870413474,0.495976037697851,0.483783381857332,0.425164693074647,45.0,1.5,11.0143992
0.568868999220525,0.508744726349045,0.271538531362682,0.53760611397601,0.54947872441435,0.325686232812682,0.451556262479026,0.512025642137815,0.245745882862682,0.463112634433546,0.53303351141421,0.312123427262682,0.45119144913433,0.483972922989521,0.366367270562681,0.558427163465345,0.53423552099678,0.392554201662682,0.51356106915606,0.557306597915925,0.446396637662682,0.536742247000605,0.550662678121965,0.51365212766268,0.484411461153391,0.551975359734585,0.56716701811268,0.56760438434728,0.509019032836575,0.64813977056268,0.55811200469006,0.53031166368554,0.76847640786268,0.482053586481003,0.44232927770413,0.231879627662682,0.53438437230322,0.441016596048211,0.285394518112682,0.51120436205052,0.436013026170567,0.352606809612682,0.556888275651015,0.456925992315217,0.406719280112682,0.45123800684025,0.51189380740166,0.432439740562682,0.460683828766547,0.462680292097254,0.486703907862682,0.449926834261083,0.484247229477051,0.55331103136268,0.481189719480599,0.443513231368447,0.60745873281268,0.50759147140609,0.55697892961223,0.63437930961268,0.461907557805593,0.53606596346758,0.68849178011268,0.484490717156056,0.550746542258005,0.75505616566268,0.534305116325555,0.442245413568092,0.473283665662682,0.567239570977585,0.480966313644981,0.52751838286268,0.55568319902306,0.459958444368588,0.59389592726268,0.460368669991265,0.458756434786014,0.67432670166268,0.50523476430055,0.435685357866872,0.72816913766268,0.56755782661636,0.481098148381137,0.71421224056268,0.522271928579796,0.509779585480229,0.399061004170038,0.495853242539869,0.483279912167023,0.398997591760518,45.0,2.0,11.476696
0.568868999220525,0.508744726349045,0.271538531362682,0.53760611397601,0.54947872441435,0.325686232812682,0.451556262479026,0.512025642137815,0.245745882862682,0.463112634433546,0.53303351141421,0.312123427262682,0.45119144913433,0.483972922989521,0.366367270562681,0.558427163465345,0.53423552099678,0.392554201662682,0.51356106915606,0.557306597915925,0.446396637662682,0.536742247000605,0.550662678121965,0.51365212766268,0.484411461153391,0.551975359734585,0.56716701811268,0.56760438434728,0.509019032836575,0.64813977056268,0.55811200469006,0.53031166368554,0.76847640786268,0.482053586481003,0.44232927770413,0.231879627662682,0.53438437230322,0.441016596048211,0.285394518112682,0.51120436205052,0.436013026170567,0.352606809612682,0.556888275651015,0.456925992315217,0.406719280112682,0.45123800684025,0.51189380740166,0.432439740562682,0.460683828766547,0.462680292097254,0.486703907862682,0.449926834261083,0.484247229477051,0.55331103136268,0.481189719480599,0.443513231368447,0.60745873281268,0.50759147140609,0.55697892961223,0.63437930961268,0.461907557805593,0.53606596346758,0.68849178011268,0.484490717156056,0.550746542258005,0.75505616566268,0.534305116325555,0.442245413568092,0.473283665662682,0.567239570977585,0.480966313644981,0.52751838286268,0.55568319902306,0.459958444368588,0.59389592726268,0.460368669991265,0.458756434786014,0.67432670166268,0.50523476430055,0.435685357866872,0.72816913766268,0.56755782661636,0.481098148381137,0.71421224056268,0.522307553897616,0.509543089584501,0.374865316471414,0.495888415569684,0.483043831262312,0.374819302345583,45.0,2.5,11.6534642
0.568868999220525,0.508744726349045,0.271538531362682,0.53760611397601,0.54947872441435,0.325686232812682,0.451556262479026,0.512025642137815,0.245745882862682,0.463112634433546,0.53303351141421,0.312123427262682,0.45119144913433,0.483972922989521,0.366367270562681,0.558427163465345,0.53423552099678,0.392554201662682,0.51356106915606,0.557306597915925,0.446396637662682,0.536742247000605,0.550662678121965,0.51365212766268,0.484411461153391,0.551975359734585,0.56716701811268,0.56760438434728,0.509019032836575,0.64813977056268,0.55811200469006,0.53031166368554,0.76847640786268,0.482053586481003,0.44232927770413,0.231879627662682,0.53438437230322,0.441016596048211,0.285394518112682,0.51120436205052,0.436013026170567,0.352606809612682,0.556888275651015,0.456925992315217,0.406719280112682,0.45123800684025,0.51189380740166,0.432439740562682,0.460683828766547,0.462680292097254,0.486703907862682,0.449926834261083,0.484247229477051,0.55331103136268,0.481189719480599,0.443513231368447,0.60745873281268,0.50759147140609,0.55697892961223,0.63437930961268,0.461907557805593,0.53606596346758,0.68849178011268,0.484490717156056,0.550746542258005,0.75505616566268,0.534305116325555,0.442245413568092,0.473283665662682,0.567239570977585,0.480966313644981,0.52751838286268,0.55568319902306,0.459958444368588,0.59389592726268,0.460368669991265,0.458756434786014,0.67432670166268,0.50523476430055,0.435685357866872,0.72816913766268,0.56755782661636,0.481098148381137,0.71421224056268,0.522320597292971,0.509528184751018,0.34734398799915,0.49590305860067,0.483028810100191,0.347060313058085,45.0,3.0,11.6177026
0.568868999220525,0.508744726349045,0.271538531362682,0.53760611397601,0.54947872441435,0.325686232812682,0.451556262479026,0.512025642137815,0.245745882862682,0.463112634433546,0.53303351141421,0.312123427262682,0.45119144913433,0.483972922989521,0.366367270562681,0.558427163465345,0.53423552099678,0.392554201662682,0.51356106915606,0.557306597915925,0.446396637662682,0.536742247000605,0.550662678121965,0.51365212766268,0.484411461153391,0.551975359734585,0.56716701811268,0.56760438434728,0.509019032836575,0.64813977056268,0.55811200469006,0.53031166368554,0.76847640786268,0.482053586481003,0.44232927770413,0.231879627662682,0.53438437230322,0.441016596048211,0.285394518112682,0.51120436205052,0.436013026170567,0.352606809612682,0.556888275651015,0.456925992315217,0.406719280112682,0.45123800684025,0.51189380740166,0.432439740562682,0.460683828766547,0.462680292097254,0.486703907862682,0.449926834261083,0.484247229477051,0.55331103136268,0.481189719480599,0.443513231368447,0.60745873281268,0.50759147140609,0.55697892961223,0.63437930961268,0.461907557805593,0.53606596346758,0.68849178011268,0.484490717156056,0.550746542258005,0.75505616566268,0.534305116325555,0.442245413568092,0.473283665662682,0.567239570977585,0.480966313644981,0.52751838286268,0.55568319902306,0.459958444368588,0.59389592726268,0.460368669991265,0.458756434786014,0.67432670166268,0.50523476430055,0.435685357866872,0.72816913766268,0.56755782661636,0.481098148381137,0.71421224056268,0.522236375439166,0.509711095094269,0.324172508920131,0.495817534726969,0.483211500765705,0.324166613040587,45.0,3.5,11.930226
0.568868999220525,0.508744726349045,0.271538531362682,0.53760611397601,0.54947872441435,0.325686232812682,0.451556262479026,0.512025642137815,0.245745882862682,0.463112634433546,0.53303351141421,0.312123427262682,0.45119144913433,0.483972922989521,0.366367270562681,0.558427163465345,0.53423552099678,0.392554201662682,0.51356106915606,0.557306597915925,0.446396637662682,0.536742247000605,0.550662678121965,0.51365212766268,0.484411461153391,0.551975359734585,0.56716701811268,0.56760438434728,0.509019032836575,0.64813977056268,0.55811200469006,0.53031166368554,0.76847640786268,0.482053586481003,0.44232927770413,0.231879627662682,0.53438437230322,0.441016596048211,0.285394518112682,0.51120436205052,0.436013026170567,0.352606809612682,0.556888275651015,0.456925992315217,0.406719280112682,0.45123800684025,0.51189380740166,0.432439740562682,0.460683828766547,0.462680292097254,0.486703907862682,0.449926834261083,0.484247229477051,0.55331103136268,0.481189719480599,0.443513231368447,0.60745873281268,0.50759147140609,0.55697892961223,0.63437930961268,0.461907557805593,0.53606596346758,0.68849178011268,0.484490717156056,0.550746542258005,0.75505616566268,0.534305116325555,0.442245413568092,0.473283665662682,0.567239570977585,0.480966313644981,0.52751838286268,0.55568319902306,0.459958444368588,0.59389592726268,0.460368669991265,0.458756434786014,0.67432670166268,0.50523476430055,0.435685357866872,0.72816913766268,0.56755782661636,0.481098148381137,0.71421224056268,0.522348829181347,0.509773075953226,0.299181717391612,0.495929661674674,0.483274753956464,0.299405767668283,45.0,4.0,11.1732432
0.568868999220525,0.508744726349045,0.271538531362682,0.53760611397601,0.54947872441435,0.325686232812682,0.451556262479026,0.512025642137815,0.245745882862682,0.463112634433546,0.53303351141421,0.312123427262682,0.45119144913433,0.483972922989521,0.366367270562681,0.558427163465345,0.53423552099678,0.392554201662682,0.51356106915606,0.557306597915925,0.446396637662682,0.536742247000605,0.550662678121965,0.51365212766268,0.484411461153391,0.551975359734585,0.56716701811268,0.56760438434728,0.509019032836575,0.64813977056268,0.55811200469006,0.53031166368554,0.76847640786268,0.482053586481003,0.44232927770413,0.231879627662682,0.53438437230322,0.441016596048211,0.285394518112682,0.51120436205052,0.436013026170567,0.352606809612682,0.556888275651015,0.456925992315217,0.406719280112682,0.45123800684025,0.51189380740166,0.432439740562682,0.460683828766547,0.462680292097254,0.486703907862682,0.449926834261083,0.484247229477051,0.55331103136268,0.481189719480599,0.443513231368447,0.60745873281268,0.50759147140609,0.55697892961223,0.63437930961268,0.461907557805593,0.53606596346758,0.68849178011268,0.484490717156056,0.550746542258005,0.75505616566268,0.534305116325555,0.442245413568092,0.473283665662682,0.567239570977585,0.480966313644981,0.52751838286268,0.55568319902306,0.459958444368588,0.59389592726268,0.460368669991265,0.458756434786014,0.67432670166268,0.50523476430055,0.435685357866872,0.72816913766268,0.56755782661636,0.481098148381137,0.71421224056268,0.522382987181723,0.509708936869576,0.274803200675904,0.495964761648928,0.48320987646794,0.275049851127715,45.0,4.5,10.4613096
0.568868999220525,0.508744726349045,0.271538531362682,0.53760611397601,0.54947872441435,0.325686232812682,0.451556262479026,0.512025642137815,0.245745882862682,0.463112634433546,0.53303351141421,0.312123427262682,0.45119144913433,0.483972922989521,0.366367270562681,0.558427163465345,0.53423552099678,0.392554201662682,0.51356106915606,0.557306597915925,0.446396637662682,0.536742247000605,0.550662678121965,0.51365212766268,0.484411461153391,0.551975359734585,0.56716701811268,0.56760438434728,0.509019032836575,0.64813977056268,0.55811200469006,0.53031166368554,0.76847640786268,0.482053586481003,0.44232927770413,0.231879627662682,0.53438437230322,0.441016596048211,0.285394518112682,0.51120436205052,0.436013026170567,0.352606809612682,0.556888275651015,0.456925992315217,0.406719280112682,0.45123800684025,0.51189380740166,0.432439740562682,0.460683828766547,0.462680292097254,0.486703907862682,0.449926834261083,0.484247229477051,0.55331103136268,0.481189719480599,0.443513231368447,0.60745873281268,0.50759147140609,0.55697892961223,0.63437930961268,0.461907557805593,0.53606596346758,0.68849178011268,0.484490717156056,0.550746542258005,0.75505616566268,0.534305116325555,0.442245413568092,0.473283665662682,0.567239570977585,0.480966313644981,0.52751838286268,0.55568319902306,0.459958444368588,0.59389592726268,0.460368669991265,0.458756434786014,0.67432670166268,0.50523476430055,0.435685357866872,0.72816913766268,0.56755782661636,0.481098148381137,0.71421224056268,0.522313697891193,0.509802305166456,0.246539345462479,0.495899505383048,0.48330561919797,0.247171599957428,45.0,5.0,8.21345
0.568868999220525,0.508744726349045,0.271538531362682,0.53760611397601,0.54947872441435,0.325686232812682,0.451556262479026,0.512025642137815,0.245745882862682,0.463112634433546,0.53303351141421,0.312123427262682,0.45119144913433,0.483972922989521,0.366367270562681,0.558427163465345,0.53423552099678,0.392554201662682,0.51356106915606,0.557306597915925,0.446396637662682,0.536742247000605,0.550662678121965,0.51365212766268,0.484411461153391,0.551975359734585,0.56716701811268,0.56760438434728,0.509019032836575,0.64813977056268,0.55811200469006,0.53031166368554,0.76847640786268,0.482053586481003,0.44232927770413,0.231879627662682,0.53438437230322,0.441016596048211,0.285394518112682,0.51120436205052,0.436013026170567,0.352606809612682,0.556888275651015,0.456925992315217,0.406719280112682,0.45123800684025,0.51189380740166,0.432439740562682,0.460683828766547,0.462680292097254,0.486703907862682,0.449926834261083,0.484247229477051,0.55331103136268,0.481189719480599,0.443513231368447,0.60745873281268,0.50759147140609,0.55697892961223,0.63437930961268,0.461907557805593,0.53606596346758,0.68849178011268,0.484490717156056,0.550746542258005,0.75505616566268,0.534305116325555,0.442245413568092,0.473283665662682,0.567239570977585,0.480966313644981,0.52751838286268,0.55568319902306,0.459958444368588,0.59389592726268,0.460368669991265,0.458756434786014,0.67432670166268,0.50523476430055,0.435685357866872,0.72816913766268,0.56755782661636,0.481098148381137,0.71421224056268,0.522317474343647,0.509599443865397,0.224628232417729,0.495898438971816,0.483100833093311,0.224832868893816,45.0,5.5,6.4981084
0.568868999220525,0.508744726349045,0.271538531362682,0.53760611397601,0.54947872441435,0.325686232812682,0.451556262479026,0.512025642137815,0.245745882862682,0.463112634433546,0.53303351141421,0.312123427262682,0.45119144913433,0.483972922989521,0.366367270562681,0.558427163465345,0.53423552099678,0.392554201662682,0.51356106915606,0.557306597915925,0.446396637662682,0.536742247000605,0.550662678121965,0.51365212766268,0.484411461153391,0.551975359734585,0.56716701811268,0.56760438434728,0.509019032836575,0.64813977056268,0.55811200469006,0.53031166368554,0.76847640786268,0.482053586481003,0.44232927770413,0.231879627662682,0.53438437230322,0.441016596048211,0.285394518112682,0.51120436205052,0.436013026170567,0.352606809612682,0.556888275651015,0.456925992315217,0.406719280112682,0.45123800684025,0.51189380740166,0.432439740562682,0.460683828766547,0.462680292097254,0.486703907862682,0.449926834261083,0.484247229477051,0.55331103136268,0.481189719480599,0.443513231368447,0.60745873281268,0.50759147140609,0.55697892961223,0.63437930961268,0.461907557805593,0.53606596346758,0.68849178011268,0.484490717156056,0.550746542258005,0.75505616566268,0.534305116325555,0.442245413568092,0.473283665662682,0.567239570977585,0.480966313644981,0.52751838286268,0.55568319902306,0.459958444368588,0.59389592726268,0.460368669991265,0.458756434786014,0.67432670166268,0.50523476430055,0.435685357866872,0.72816913766268,0.56755782661636,0.481098148381137,0.71421224056268,0.522351624058029,0.509659998116643,0.199565505185068,0.495932080611334,0.483161111089744,0.199585236370547,45.0,6.0,2.7717844
0.568868999220525,0.508744726349045,0.271538531362682,0.53760611397601,0.54947872441435,0.325686232812682,0.451556262479026,0.512025642137815,0.245745882862682,0.463112634433546,0.53303351141421,0.312123427262682,0.45119144913433,0.483972922989521,0.366367270562681,0.558427163465345,0.53423552099678,0.392554201662682,0.51356106915606,0.557306597915925,0.446396637662682,0.536742247000605,0.550662678121965,0.51365212766268,0.484411461153391,0.551975359734585,0.56716701811268,0.56760438434728,0.509019032836575,0.64813977056268,0.55811200469006,0.53031166368554,0.76847640786268,0.482053586481003,0.44232927770413,0.231879627662682,0.53438437230322,0.441016596048211,0.285394518112682,0.51120436205052,0.436013026170567,0.352606809612682,0.556888275651015,0.456925992315217,0.406719280112682,0.45123800684025,0.51189380740166,0.432439740562682,0.460683828766547,0.462680292097254,0.486703907862682,0.449926834261083,0.484247229477051,0.55331103136268,0.481189719480599,0.443513231368447,0.60745873281268,0.50759147140609,0.55697892961223,0.63437930961268,0.461907557805593,0.53606596346758,0.68849178011268,0.484490717156056,0.550746542258005,0.75505616566268,0.534305116325555,0.442245413568092,0.473283665662682,0.567239570977585,0.480966313644981,0.52751838286268,0.55568319902306,0.459958444368588,0.59389592726268,0.460368669991265,0.458756434786014,0.67432670166268,0.50523476430055,0.435685357866872,0.72816913766268,0.56755782661636,0.481098148381137,0.71421224056268,0.52235453488722,0.509676260501678,0.174356671302227,0.495935815933491,0.483176798740504,0.174240507074516,45.0,6.5,1.721678
0.568868999220525,0.508744726349045,0.271538531362682,0.53760611397601,0.54947872441435,0.325686232812682,0.451556262479026,0.512025642137815,0.245745882862682,0.463112634433546,0.53303351141421,0.312123427262682,0.45119144913433,0.483972922989521,0.366367270562681,0.558427163465345,0.53423552099678,0.392554201662682,0.51356106915606,0.557306597915925,0.446396637662682,0.536742247000605,0.550662678121965,0.51365212766268,0.484411461153391,0.551975359734585,0.56716701811268,0.56760438434728,0.509019032836575,0.64813977056268,0.55811200469006,0.53031166368554,0.76847640786268,0.482053586481003,0.44232927770413,0.231879627662682,0.53438437230322,0.441016596048211,0.285394518112682,0.51120436205052,0.436013026170567,0.352606809612682,0.556888275651015,0.456925992315217,0.406719280112682,0.45123800684025,0.51189380740166,0.432439740562682,0.460683828766547,0.462680292097254,0.486703907862682,0.449926834261083,0.484247229477051,0.55331103136268,0.481189719480599,0.443513231368447,0.60745873281268,0.50759147140609,0.55697892961223,0.63437930961268,0.461907557805593,0.53606596346758,0.68849178011268,0.484490717156056,0.550746542258005,0.75505616566268,0.534305116325555,0.442245413568092,0.473283665662682,0.567239570977585,0.480966313644981,0.52751838286268,0.55568319902306,0.459958444368588,0.59389592726268,0.460368669991265,0.458756434786014,0.67432670166268,0.50523476430055,0.435685357866872,0.72816913766268,0.56755782661636,0.481098148381137,0.71421224056268,0.522360728162651,0.509816740484544,0.150009634799082,0.495941844850884,0.483317514492647,0.150141184431238,45.0,7.0,0.808325
0.568868999220525,0.508744726349045,0.271538531362682,0.53760611397601,0.54947872441435,0.325686232812682,0.451556262479026,0.512025642137815,0.245745882862682,0.463112634433546,0.53303351141421,0.312123427262682,0.45119144913433,0.483972922989521,0.366367270562681,0.558427163465345,0.53423552099678,0.392554201662682,0.51356106915606,0.557306597915925,0.446396637662682,0.536742247000605,0.550662678121965,0.51365212766268,0.484411461153391,0.551975359734585,0.56716701811268,0.56760438434728,0.509019032836575,0.64813977056268,0.55811200469006,0.53031166368554,0.76847640786268,0.482053586481003,0.44232927770413,0.231879627662682,0.53438437230322,0.441016596048211,0.285394518112682,0.51120436205052,0.436013026170567,0.352606809612682,0.556888275651015,0.456925992315217,0.406719280112682,0.45123800684025,0.51189380740166,0.432439740562682,0.460683828766547,0.462680292097254,0.486703907862682,0.449926834261083,0.484247229477051,0.55331103136268,0.481189719480599,0.443513231368447,0.60745873281268,0.50759147140609,0.55697892961223,0.63437930961268,0.461907557805593,0.53606596346758,0.68849178011268,0.484490717156056,0.550746542258005,0.75505616566268,0.534305116325555,0.442245413568092,0.473283665662682,0.567239570977585,0.480966313644981,0.52751838286268,0.55568319902306,0.459958444368588,0.59389592726268,0.460368669991265,0.458756434786014,0.67432670166268,0.50523476430055,0.435685357866872,0.72816913766268,0.56755782661636,0.481098148381137,0.71421224056268,0.509265377454968,0.515526365259741,0.525251994897613,0.509322088421313,0.47810759361918,0.525378453168558,90.0,0.5,11.7124014
0.568868999220525,0.508744726349045,0.271538531362682,0.53760611397601,0.54947872441435,0.325686232812682,0.451556262479026,0.512025642137815,0.245745882862682,0.463112634433546,0.53303351141421,0.312123427262682,0.45119144913433,0.483972922989521,0.366367270562681,0.558427163465345,0.53423552099678,0.392554201662682,0.51356106915606,0.557306597915925,0.446396637662682,0.536742247000605,0.550662678121965,0.51365212766268,0.484411461153391,0.551975359734585,0.56716701811268,0.56760438434728,0.509019032836575,0.64813977056268,0.55811200469006,0.53031166368554,0.76847640786268,0.482053586481003,0.44232927770413,0.231879627662682,0.53438437230322,0.441016596048211,0.285394518112682,0.51120436205052,0.436013026170567,0.352606809612682,0.556888275651015,0.456925992315217,0.406719280112682,0.45123800684025,0.51189380740166,0.432439740562682,0.460683828766547,0.462680292097254,0.486703907862682,0.449926834261083,0.484247229477051,0.55331103136268,0.481189719480599,0.443513231368447,0.60745873281268,0.50759147140609,0.55697892961223,0.63437930961268,0.461907557805593,0.53606596346758,0.68849178011268,0.484490717156056,0.550746542258005,0.75505616566268,0.534305116325555,0.442245413568092,0.473283665662682,0.567239570977585,0.480966313644981,0.52751838286268,0.55568319902306,0.459958444368588,0.59389592726268,0.460368669991265,0.458756434786014,0.67432670166268,0.50523476430055,0.435685357866872,0.72816913766268,0.56755782661636,0.481098148381137,0.71421224056268,0.509279364999928,0.515675711276482,0.552396922748282,0.509336075966273,0.478256939635922,0.552523381019227,90.0,1.0,11.6389252
0.568868999220525,0.508744726349045,0.271538531362682,0.53760611397601,0.54947872441435,0.325686232812682,0.451556262479026,0.512025642137815,0.245745882862682,0.463112634433546,0.53303351141421,0.312123427262682,0.45119144913433,0.483972922989521,0.366367270562681,0.558427163465345,0.53423552099678,0.392554201662682,0.51356106915606,0.557306597915925,0.446396637662682,0.536742247000605,0.550662678121965,0.51365212766268,0.484411461153391,0.551975359734585,0.56716701811268,0.56760438434728,0.509019032836575,0.64813977056268,0.55811200469006,0.53031166368554,0.76847640786268,0.482053586481003,0.44232927770413,0.231879627662682,0.53438437230322,0.441016596048211,0.285394518112682,0.51120436205052,0.436013026170567,0.352606809612682,0.556888275651015,0.456925992315217,0.406719280112682,0.45123800684025,0.51189380740166,0.432439740562682,0.460683828766547,0.462680292097254,0.486703907862682,0.449926834261083,0.484247229477051,0.55331103136268,0.481189719480599,0.443513231368447,0.60745873281268,0.50759147140609,0.55697892961223,0.63437930961268,0.461907557805593,0.53606596346758,0.68849178011268,0.484490717156056,0.550746542258005,0.75505616566268,0.534305116325555,0.442245413568092,0.473283665662682,0.567239570977585,0.480966313644981,0.52751838286268,0.55568319902306,0.459958444368588,0.59389592726268,0.460368669991265,0.458756434786014,0.67432670166268,0.50523476430055,0.435685357866872,0.72816913766268,0.56755782661636,0.481098148381137,0.71421224056268,0.50941001013158,0.515723366165988,0.57634920104007,0.509466721097925,0.47830459452543,0.576475659311015,90.0,1.5,11.9758394
0.568868999220525,0.508744726349045,0.271538531362682,0.53760611397601,0.54947872441435,0.325686232812682,0.451556262479026,0.512025642137815,0.245745882862682,0.463112634433546,0.53303351141421,0.312123427262682,0.45119144913433,0.483972922989521,0.366367270562681,0.558427163465345,0.53423552099678,0.392554201662682,0.51356106915606,0.557306597915925,0.446396637662682,0.536742247000605,0.550662678121965,0.51365212766268,0.484411461153391,0.551975359734585,0.56716701811268,0.56760438434728,0.509019032836575,0.64813977056268,0.55811200469006,0.53031166368554,0.76847640786268,0.482053586481003,0.44232927770413,0.231879627662682,0.53438437230322,0.441016596048211,0.285394518112682,0.51120436205052,0.436013026170567,0.352606809612682,0.556888275651015,0.456925992315217,0.406719280112682,0.45123800684025,0.51189380740166,0.432439740562682,0.460683828766547,0.462680292097254,0.486703907862682,0.449926834261083,0.484247229477051,0.55331103136268,0.481189719480599,0.443513231368447,0.60745873281268,0.50759147140609,0.55697892961223,0.63437930961268,0.461907557805593,0.53606596346758,0.68849178011268,0.484490717156056,0.550746542258005,0.75505616566268,0.534305116325555,0.442245413568092,0.473283665662682,0.567239570977585,0.480966313644981,0.52751838286268,0.55568319902306,0.459958444368588,0.59389592726268,0.460368669991265,0.458756434786014,0.67432670166268,0.50523476430055,0.435685357866872,0.72816913766268,0.56755782661636,0.481098148381137,0.71421224056268,0.50940103753934,0.515792924851166,0.60053424459721,0.509457748505685,0.478374153210606,0.600660702868155,90.0,2.0,12.2224382
0.568868999220525,0.508744726349045,0.271538531362682,0.53760611397601,0.54947872441435,0.325686232812682,0.451556262479026,0.512025642137815,0.245745882862682,0.463112634433546,0.53303351141421,0.312123427262682,0.45119144913433,0.483972922989521,0.366367270562681,0.558427163465345,0.53423552099678,0.392554201662682,0.51356106915606,0.557306597915925,0.446396637662682,0.536742247000605,0.550662678121965,0.51365212766268,0.484411461153391,0.551975359734585,0.56716701811268,0.56760438434728,0.509019032836575,0.64813977056268,0.55811200469006,0.53031166368554,0.76847640786268,0.482053586481003,0.44232927770413,0.231879627662682,0.53438437230322,0.441016596048211,0.285394518112682,0.51120436205052,0.436013026170567,0.352606809612682,0.556888275651015,0.456925992315217,0.406719280112682,0.45123800684025,0.51189380740166,0.432439740562682,0.460683828766547,0.462680292097254,0.486703907862682,0.449926834261083,0.484247229477051,0.55331103136268,0.481189719480599,0.443513231368447,0.60745873281268,0.50759147140609,0.55697892961223,0.63437930961268,0.461907557805593,0.53606596346758,0.68849178011268,0.484490717156056,0.550746542258005,0.75505616566268,0.534305116325555,0.442245413568092,0.473283665662682,0.567239570977585,0.480966313644981,0.52751838286268,0.55568319902306,0.459958444368588,0.59389592726268,0.460368669991265,0.458756434786014,0.67432670166268,0.50523476430055,0.435685357866872,0.72816913766268,0.56755782661636,0.481098148381137,0.71421224056268,0.509570005358389,0.51573836014533,0.6271373131564,0.509626716324734,0.47831958850477,0.627263771427345,90.0,2.5,12.3207826
0.568868999220525,0.508744726349045,0.271538531362682,0.53760611397601,0.54947872441435,0.325686232812682,0.451556262479026,0.512025642137815,0.245745882862682,0.463112634433546,0.53303351141421,0.312123427262682,0.45119144913433,0.483972922989521,0.366367270562681,0.558427163465345,0.53423552099678,0.392554201662682,0.51356106915606,0.557306597915925,0.446396637662682,0.536742247000605,0.550662678121965,0.51365212766268,0.484411461153391,0.551975359734585,0.56716701811268,0.56760438434728,0.509019032836575,0.64813977056268,0.55811200469006,0.53031166368554,0.76847640786268,0.482053586481003,0.44232927770413,0.231879627662682,0.53438437230322,0.441016596048211,0.285394518112682,0.51120436205052,0.436013026170567,0.352606809612682,0.556888275651015,0.456925992315217,0.406719280112682,0.45123800684025,0.51189380740166,0.432439740562682,0.460683828766547,0.462680292097254,0.486703907862682,0.449926834261083,0.484247229477051,0.55331103136268,0.481189719480599,0.443513231368447,0.60745873281268,0.50759147140609,0.55697892961223,0.63437930961268,0.461907557805593,0.53606596346758,0.68849178011268,0.484490717156056,0.550746542258005,0.75505616566268,0.534305116325555,0.442245413568092,0.473283665662682,0.567239570977585,0.480966313644981,0.52751838286268,0.55568319902306,0.459958444368588,0.59389592726268,0.460368669991265,0.458756434786014,0.67432670166268,0.50523476430055,0.435685357866872,0.72816913766268,0.56755782661636,0.481098148381137,0.71421224056268,0.509625580516243,0.515540482075346,0.653285876473748,0.509682291482588,0.478121710434786,0.653412334744693,90.0,3.0,11.0491192
0.568868999220525,0.508744726349045,0.271538531362682,0.53760611397601,0.54947872441435,0.325686232812682,0.451556262479026,0.512025642137815,0.245745882862682,0.463112634433546,0.53303351141421,0.312123427262682,0.45119144913433,0.483972922989521,0.366367270562681,0.558427163465345,0.53423552099678,0.392554201662682,0.51356106915606,0.557306597915925,0.446396637662682,0.536742247000605,0.550662678121965,0.51365212766268,0.484411461153391,0.551975359734585,0.56716701811268,0.56760438434728,0.509019032836575,0.64813977056268,0.55811200469006,0.53031166368554,0.76847640786268,0.482053586481003,0.44232927770413,0.231879627662682,0.53438437230322,0.441016596048211,0.285394518112682,0.51120436205052,0.436013026170567,0.352606809612682,0.556888275651015,0.456925992315217,0.406719280112682,0.45123800684025,0.51189380740166,0.432439740562682,0.460683828766547,0.462680292097254,0.486703907862682,0.449926834261083,0.484247229477051,0.55331103136268,0.481189719480599,0.443513231368447,0.60745873281268,0.50759147140609,0.55697892961223,0.63437930961268,0.461907557805593,0.53606596346758,0.68849178011268,0.484490717156056,0.550746542258005,0.75505616566268,0.534305116325555,0.442245413568092,0.473283665662682,0.567239570977585,0.480966313644981,0.52751838286268,0.55568319902306,0.459958444368588,0.59389592726268,0.460368669991265,0.458756434786014,0.67432670166268,0.50523476430055,0.435685357866872,0.72816913766268,0.56755782661636,0.481098148381137,0.71421224056268,0.509619983539848,0.515752930180389,0.67505147036605,0.509676694506193,0.47833415853983,0.675177928636995,90.0,3.5,10.286885
0.568868999220525,0.508744726349045,0.271538531362682,0.53760611397601,0.54947872441435,0.325686232812682,0.451556262479026,0.512025642137815,0.245745882862682,0.463112634433546,0.53303351141421,0.312123427262682,0.45119144913433,0.483972922989521,0.366367270562681,0.558427163465345,0.53423552099678,0.392554201662682,0.51356106915606,0.557306597915925,0.446396637662682,0.536742247000605,0.550662678121965,0.51365212766268,0.484411461153391,0.551975359734585,0.56716701811268,0.56760438434728,0.509019032836575,0.64813977056268,0.55811200469006,0.53031166368554,0.76847640786268,0.482053586481003,0.44232927770413,0.231879627662682,0.53438437230322,0.441016596048211,0.285394518112682,0.51120436205052,0.436013026170567,0.352606809612682,0.556888275651015,0.456925992315217,0.406719280112682,0.45123800684025,0.51189380740166,0.432439740562682,0.460683828766547,0.462680292097254,0.486703907862682,0.449926834261083,0.484247229477051,0.55331103136268,0.481189719480599,0.443513231368447,0.60745873281268,0.50759147140609,0.55697892961223,0.63437930961268,0.461907557805593,0.53606596346758,0.68849178011268,0.484490717156056,0.550746542258005,0.75505616566268,0.534305116325555,0.442245413568092,0.473283665662682,0.567239570977585,0.480966313644981,0.52751838286268,0.55568319902306,0.459958444368588,0.59389592726268,0.460368669991265,0.458756434786014,0.67432670166268,0.50523476430055,0.435685357866872,0.72816913766268,0.56755782661636,0.481098148381137,0.71421224056268,0.509747150113104,0.515860755030581,0.701244544799758,0.509803861079449,0.47844198339002,0.701371003070703,90.0,4.0,10.5429016
0.568868999220525,0.508744726349045,0.271538531362682,0.53760611397601,0.54947872441435,0.325686232812682,0.451556262479026,0.512025642137815,0.245745882862682,0.463112634433546,0.53303351141421,0.312123427262682,0.45119144913433,0.483972922989521,0.366367270562681,0.558427163465345,0.53423552099678,0.392554201662682,0.51356106915606,0.557306597915925,0.446396637662682,0.536742247000605,0.550662678121965,0.51365212766268,0.484411461153391,0.551975359734585,0.56716701811268,0.56760438434728,0.509019032836575,0.64813977056268,0.55811200469006,0.53031166368554,0.76847640786268,0.482053586481003,0.44232927770413,0.231879627662682,0.53438437230322,0.441016596048211,0.285394518112682,0.51120436205052,0.436013026170567,0.352606809612682,0.556888275651015,0.456925992315217,0.406719280112682,0.45123800684025,0.51189380740166,0.432439740562682,0.460683828766547,0.462680292097254,0.486703907862682,0.449926834261083,0.484247229477051,0.55331103136268,0.481189719480599,0.443513231368447,0.60745873281268,0.50759147140609,0.55697892961223,0.63437930961268,0.461907557805593,0.53606596346758,0.68849178011268,0.484490717156056,0.550746542258005,0.75505616566268,0.534305116325555,0.442245413568092,0.473283665662682,0.567239570977585,0.480966313644981,0.52751838286268,0.55568319902306,0.459958444368588,0.59389592726268,0.460368669991265,0.458756434786014,0.67432670166268,0.50523476430055,0.435685357866872,0.72816913766268,0.56755782661636,0.481098148381137,0.71421224056268,0.509712375014359,0.515782043467416,0.727393775434243,0.509769085980704,0.478363271826856,0.727520233705188,90.0,4.5,11.2787486
0.568868999220525,0.508744726349045,0.271538531362682,0.53760611397601,0.54947872441435,0.325686232812682,0.451556262479026,0.512025642137815,0.245745882862682,0.463112634433546,0.53303351141421,0.312123427262682,0.45119144913433,0.483972922989521,0.366367270562681,0.558427163465345,0.53423552099678,0.392554201662682,0.51356106915606,0.557306597915925,0.446396637662682,0.536742247000605,0.550662678121965,0.51365212766268,0.484411461153391,0.551975359734585,0.56716701811268,0.56760438434728,0.509019032836575,0.64813977056268,0.55811200469006,0.53031166368554,0.76847640786268,0.482053586481003,0.44232927770413,0.231879627662682,0.53438437230322,0.441016596048211,0.285394518112682,0.51120436205052,0.436013026170567,0.352606809612682,0.556888275651015,0.456925992315217,0.406719280112682,0.45123800684025,0.51189380740166,0.432439740562682,0.460683828766547,0.462680292097254,0.486703907862682,0.449926834261083,0.484247229477051,0.55331103136268,0.481189719480599,0.443513231368447,0.60745873281268,0.50759147140609,0.55697892961223,0.63437930961268,0.461907557805593,0.53606596346758,0.68849178011268,0.484490717156056,0.550746542258005,0.75505616566268,0.534305116325555,0.442245413568092,0.473283665662682,0.567239570977585,0.480966313644981,0.52751838286268,0.55568319902306,0.459958444368588,0.59389592726268,0.460368669991265,0.458756434786014,0.67432670166268,0.50523476430055,0.435685357866872,0.72816913766268,0.56755782661636,0.481098148381137,0.71421224056268,0.509624372210671,0.515793924940065,0.750877649504329,0.509681083177016,0.478375153299507,0.751004107775274,90.0,5.0,9.423225
0.568868999220525,0.508744726349045,0.271538531362682,0.53760611397601,0.54947872441435,0.325686232812682,0.451556262479026,0.512025642137815,0.245745882862682,0.463112634433546,0.53303351141421,0.312123427262682,0.45119144913433,0.483972922989521,0.366367270562681,0.558427163465345,0.53423552099678,0.392554201662682,0.51356106915606,0.557306597915925,0.446396637662682,0.536742247000605,0.550662678121965,0.51365212766268,0.484411461153391,0.551975359734585,0.56716701811268,0.56760438434728,0.509019032836575,0.64813977056268,0.55811200469006,0.53031166368554,0.76847640786268,0.482053586481003,0.44232927770413,0.231879627662682,0.53438437230322,0.441016596048211,0.285394518112682,0.51120436205052,0.436013026170567,0.352606809612682,0.556888275651015,0.456925992315217,0.406719280112682,0.45123800684025,0.51189380740166,0.432439740562682,0.460683828766547,0.462680292097254,0.486703907862682,0.449926834261083,0.484247229477051,0.55331103136268,0.481189719480599,0.443513231368447,0.60745873281268,0.50759147140609,0.55697892961223,0.63437930961268,0.461907557805593,0.53606596346758,0.68849178011268,0.484490717156056,0.550746542258005,0.75505616566268,0.534305116325555,0.442245413568092,0.473283665662682,0.567239570977585,0.480966313644981,0.52751838286268,0.55568319902306,0.459958444368588,0.59389592726268,0.460368669991265,0.458756434786014,0.67432670166268,0.50523476430055,0.435685357866872,0.72816913766268,0.56755782661636,0.481098148381137,0.71421224056268,0.509643150033276,0.515884608369638,0.77675521139093,0.509699860999621,0.47846583672908,0.776881669661875,90.0,5.5,5.9424582
0.568868999220525,0.508744726349045,0.271538531362682,0.53760611397601,0.54947872441435,0.325686232812682,0.451556262479026,0.512025642137815,0.245745882862682,0.463112634433546,0.53303351141421,0.312123427262682,0.45119144913433,0.483972922989521,0.366367270562681,0.558427163465345,0.53423552099678,0.392554201662682,0.51356106915606,0.557306597915925,0.446396637662682,0.536742247000605,0.550662678121965,0.51365212766268,0.484411461153391,0.551975359734585,0.56716701811268,0.56760438434728,0.509019032836575,0.64813977056268,0.55811200469006,0.53031166368554,0.76847640786268,0.482053586481003,0.44232927770413,0.231879627662682,0.53438437230322,0.441016596048211,0.285394518112682,0.51120436205052,0.436013026170567,0.352606809612682,0.556888275651015,0.456925992315217,0.406719280112682,0.45123800684025,0.51189380740166,0.432439740562682,0.460683828766547,0.462680292097254,0.486703907862682,0.449926834261083,0.484247229477051,0.55331103136268,0.481189719480599,0.443513231368447,0.60745873281268,0.50759147140609,0.55697892961223,0.63437930961268,0.461907557805593,0.53606596346758,0.68849178011268,0.484490717156056,0.550746542258005,0.75505616566268,0.534305116325555,0.442245413568092,0.473283665662682,0.567239570977585,0.480966313644981,0.52751838286268,0.55568319902306,0.459958444368588,0.59389592726268,0.460368669991265,0.458756434786014,0.67432670166268,0.50523476430055,0.435685357866872,0.72816913766268,0.56755782661636,0.481098148381137,0.71421224056268,0.509593284632475,0.515660245949134,0.800866859066985,0.50964999559882,0.478241474308574,0.80099331733793,90.0,6.0,2.7270824
0.568868999220525,0.508744726349045,0.271538531362682,0.53760611397601,0.54947872441435,0.325686232812682,0.451556262479026,0.512025642137815,0.245745882862682,0.463112634433546,0.53303351141421,0.312123427262682,0.45119144913433,0.483972922989521,0.366367270562681,0.558427163465345,0.53423552099678,0.392554201662682,0.51356106915606,0.557306597915925,0.446396637662682,0.536742247000605,0.550662678121965,0.51365212766268,0.484411461153391,0.551975359734585,0.56716701811268,0.56760438434728,0.509019032836575,0.64813977056268,0.55811200469006,0.53031166368554,0.76847640786268,0.482053586481003,0.44232927770413,0.231879627662682,0.53438437230322,0.441016596048211,0.285394518112682,0.51120436205052,0.436013026170567,0.352606809612682,0.556888275651015,0.456925992315217,0.406719280112682,0.45123800684025,0.51189380740166,0.432439740562682,0.460683828766547,0.462680292097254,0.486703907862682,0.449926834261083,0.484247229477051,0.55331103136268,0.481189719480599,0.443513231368447,0.60745873281268,0.50759147140609,0.55697892961223,0.63437930961268,0.461907557805593,0.53606596346758,0.68849178011268,0.484490717156056,0.550746542258005,0.75505616566268,0.534305116325555,0.442245413568092,0.473283665662682,0.567239570977585,0.480966313644981,0.52751838286268,0.55568319902306,0.459958444368588,0.59389592726268,0.460368669991265,0.458756434786014,0.67432670166268,0.50523476430055,0.435685357866872,0.72816913766268,0.56755782661636,0.481098148381137,0.71421224056268,0.509600500000175,0.515644842216782,0.82507923612754,0.50965721096652,0.47822607057622,0.825205694398485,90.0,6.5,1.9096
0.568868999220525,0.508744726349045,0.271538531362682,0.53760611397601,0.54947872441435,0.325686232812682,0.451556262479026,0.512025642137815,0.245745882862682,0.463112634433546,0.53303351141421,0.312123427262682,0.45119144913433,0.483972922989521,0.366367270562681,0.558427163465345,0.53423552099678,0.392554201662682,0.51356106915606,0.557306597915925,0.446396637662682,0.536742247000605,0.550662678121965,0.51365212766268,0.484411461153391,0.551975359734585,0.56716701811268,0.56760438434728,0.509019032836575,0.64813977056268,0.55811200469006,0.53031166368554,0.76847640786268,0.482053586481003,0.44232927770413,0.231879627662682,0.53438437230322,0.441016596048211,0.285394518112682,0.51120436205052,0.436013026170567,0.352606809612682,0.556888275651015,0.456925992315217,0.406719280112682,0.45123800684025,0.51189380740166,0.432439740562682,0.460683828766547,0.462680292097254,0.486703907862682,0.449926834261083,0.484247229477051,0.55331103136268,0.481189719480599,0.443513231368447,0.60745873281268,0.50759147140609,0.55697892961223,0.63437930961268,0.461907557805593,0.53606596346758,0.68849178011268,0.484490717156056,0.550746542258005,0.75505616566268,0.534305116325555,0.442245413568092,0.473283665662682,0.567239570977585,0.480966313644981,0.52751838286268,0.55568319902306,0.459958444368588,0.59389592726268,0.460368669991265,0.458756434786014,0.67432670166268,0.50523476430055,0.435685357866872,0.72816913766268,0.56755782661636,0.481098148381137,0.71421224056268,0.509584248671328,0.515590345142379,0.850788866726948,0.509640959637673,0.478171573501818,0.850915324997893,90.0,7.0,0.885794
0.568868999220526,0.508744726349046,0.271538531362681,0.53760611397601,0.549478724414348,0.325686232812681,0.451556262479025,0.512025642137814,0.245745882862681,0.463112634433546,0.533033511414208,0.312123427262681,0.451191449134329,0.483972922989521,0.366367270562681,0.558427163465344,0.534235520996781,0.392554201662682,0.513561069156059,0.557306597915924,0.446396637662682,0.536742247000605,0.550662678121967,0.513652127662681,0.484411461153391,0.551975359734584,0.567167018112682,0.567604384347279,0.509019032836575,0.648139770562682,0.558112004690062,0.530311663685541,0.768476407862681,0.482053586481003,0.44232927770413,0.231879627662681,0.534384372303218,0.441016596048211,0.285394518112681,0.511204362050518,0.436013026170567,0.352606809612681,0.556888275651017,0.456925992315217,0.406719280112681,0.451238006840249,0.511893807401658,0.432439740562682,0.460683828766547,0.462680292097254,0.486703907862681,0.449926834261083,0.484247229477051,0.553311031362682,0.481189719480599,0.443513231368447,0.607458732812682,0.50759147140609,0.556978929612228,0.634379309612681,0.461907557805592,0.536065963467578,0.688491780112681,0.484490717156055,0.550746542258004,0.755056165662681,0.534305116325553,0.442245413568092,0.473283665662681,0.567239570977583,0.480966313644981,0.527518382862682,0.555683199023062,0.459958444368587,0.593895927262681,0.460368669991265,0.458756434786014,0.674326701662681,0.505234764300549,0.435685357866871,0.728169137662681,0.567557826616359,0.481098148381137,0.714212240562682,-0.490571559107836,0.515385783982809,0.500454409583687,-0.490514848141491,0.47796701234225,0.500580867854628,90.0,0.0,12.0136408
0.568868999220525,0.508744726349045,0.271538531362682,0.53760611397601,0.54947872441435,0.325686232812682,0.451556262479026,0.512025642137815,0.245745882862682,0.463112634433546,0.53303351141421,0.312123427262682,0.45119144913433,0.483972922989521,0.366367270562681,0.558427163465345,0.53423552099678,0.392554201662682,0.51356106915606,0.557306597915925,0.446396637662682,0.536742247000605,0.550662678121965,0.51365212766268,0.484411461153391,0.551975359734585,0.56716701811268,0.56760438434728,0.509019032836575,0.64813977056268,0.55811200469006,0.53031166368554,0.76847640786268,0.482053586481003,0.44232927770413,0.231879627662682,0.53438437230322,0.441016596048211,0.285394518112682,0.51120436205052,0.436013026170567,0.352606809612682,0.556888275651015,0.456925992315217,0.406719280112682,0.45123800684025,0.51189380740166,0.432439740562682,0.460683828766547,0.462680292097254,0.486703907862682,0.449926834261083,0.484247229477051,0.55331103136268,0.481189719480599,0.443513231368447,0.60745873281268,0.50759147140609,0.55697892961223,0.63437930961268,0.461907557805593,0.53606596346758,0.68849178011268,0.484490717156056,0.550746542258005,0.75505616566268,0.534305116325555,0.442245413568092,0.473283665662682,0.567239570977585,0.480966313644981,0.52751838286268,0.55568319902306,0.459958444368588,0.59389592726268,0.460368669991265,0.458756434786014,0.67432670166268,0.50523476430055,0.435685357866872,0.72816913766268,0.56755782661636,0.481098148381137,0.71421224056268,0.509275199260344,0.51545102367783,0.474023756032469,0.509331910226689,0.478032252037269,0.474150214303414,90.0,0.5,12.6140364
0.568868999220525,0.508744726349045,0.271538531362682,0.53760611397601,0.54947872441435,0.325686232812682,0.451556262479026,0.512025642137815,0.245745882862682,0.463112634433546,0.53303351141421,0.312123427262682,0.45119144913433,0.483972922989521,0.366367270562681,0.558427163465345,0.53423552099678,0.392554201662682,0.51356106915606,0.557306597915925,0.446396637662682,0.536742247000605,0.550662678121965,0.51365212766268,0.484411461153391,0.551975359734585,0.56716701811268,0.56760438434728,0.509019032836575,0.64813977056268,0.55811200469006,0.53031166368554,0.76847640786268,0.482053586481003,0.44232927770413,0.231879627662682,0.53438437230322,0.441016596048211,0.285394518112682,0.51120436205052,0.436013026170567,0.352606809612682,0.556888275651015,0.456925992315217,0.406719280112682,0.45123800684025,0.51189380740166,0.432439740562682,0.460683828766547,0.462680292097254,0.486703907862682,0.449926834261083,0.484247229477051,0.55331103136268,0.481189719480599,0.443513231368447,0.60745873281268,0.50759147140609,0.55697892961223,0.63437930961268,0.461907557805593,0.53606596346758,0.68849178011268,0.484490717156056,0.550746542258005,0.75505616566268,0.534305116325555,0.442245413568092,0.473283665662682,0.567239570977585,0.480966313644981,0.52751838286268,0.55568319902306,0.459958444368588,0.59389592726268,0.460368669991265,0.458756434786014,0.67432670166268,0.50523476430055,0.435685357866872,0.72816913766268,0.56755782661636,0.481098148381137,0.71421224056268,0.509185540452472,0.515518524304265,0.449236123311908,0.509242251418817,0.478099752663703,0.449362581582853,90.0,1.0,12.5112652
0.568868999220525,0.508744726349045,0.271538531362682,0.53760611397601,0.54947872441435,0.325686232812682,0.451556262479026,0.512025642137815,0.245745882862682,0.463112634433546,0.53303351141421,0.312123427262682,0.45119144913433,0.483972922989521,0.366367270562681,0.558427163465345,0.53423552099678,0.392554201662682,0.51356106915606,0.557306597915925,0.446396637662682,0.536742247000605,0.550662678121965,0.51365212766268,0.484411461153391,0.551975359734585,0.56716701811268,0.56760438434728,0.509019032836575,0.64813977056268,0.55811200469006,0.53031166368554,0.76847640786268,0.482053586481003,0.44232927770413,0.231879627662682,0.53438437230322,0.441016596048211,0.285394518112682,0.51120436205052,0.436013026170567,0.352606809612682,0.556888275651015,0.456925992315217,0.406719280112682,0.45123800684025,0.51189380740166,0.432439740562682,0.460683828766547,0.462680292097254,0.486703907862682,0.449926834261083,0.484247229477051,0.55331103136268,0.481189719480599,0.443513231368447,0.60745873281268,0.50759147140609,0.55697892961223,0.63437930961268,0.461907557805593,0.53606596346758,0.68849178011268,0.484490717156056,0.550746542258005,0.75505616566268,0.534305116325555,0.442245413568092,0.473283665662682,0.567239570977585,0.480966313644981,0.52751838286268,0.55568319902306,0.459958444368588,0.59389592726268,0.460368669991265,0.458756434786014,0.67432670166268,0.50523476430055,0.435685357866872,0.72816913766268,0.56755782661636,0.481098148381137,0.71421224056268,0.509156720489971,0.515742815112476,0.425042552608588,0.509213431456316,0.478324043471914,0.425169010879533,90.0,1.5,11.3412012
0.568868999220525,0.508744726349045,0.271538531362682,0.53760611397601,0.54947872441435,0.325686232812682,0.451556262479026,0.512025642137815,0.245745882862682,0.463112634433546,0.53303351141421,0.312123427262682,0.45119144913433,0.483972922989521,0.366367270562681,0.558427163465345,0.53423552099678,0.392554201662682,0.51356106915606,0.557306597915925,0.446396637662682,0.536742247000605,0.550662678121965,0.51365212766268,0.484411461153391,0.551975359734585,0.56716701811268,0.56760438434728,0.509019032836575,0.64813977056268,0.55811200469006,0.53031166368554,0.76847640786268,0.482053586481003,0.44232927770413,0.231879627662682,0.53438437230322,0.441016596048211,0.285394518112682,0.51120436205052,0.436013026170567,0.352606809612682,0.556888275651015,0.456925992315217,0.406719280112682,0.45123800684025,0.51189380740166,0.432439740562682,0.460683828766547,0.462680292097254,0.486703907862682,0.449926834261083,0.484247229477051,0.55331103136268,0.481189719480599,0.443513231368447,0.60745873281268,0.50759147140609,0.55697892961223,0.63437930961268,0.461907557805593,0.53606596346758,0.68849178011268,0.484490717156056,0.550746542258005,0.75505616566268,0.534305116325555,0.442245413568092,0.473283665662682,0.567239570977585,0.480966313644981,0.52751838286268,0.55568319902306,0.459958444368588,0.59389592726268,0.460368669991265,0.458756434786014,0.67432670166268,0.50523476430055,0.435685357866872,0.72816913766268,0.56755782661636,0.481098148381137,0.71421224056268,0.50903423007666,0.515239134643907,0.398966068829805,0.509090941043005,0.477820363003345,0.39909252710075,90.0,2.0,10.6154664
0.568868999220525,0.508744726349045,0.271538531362682,0.53760611397601,0.54947872441435,0.325686232812682,0.451556262479026,0.512025642137815,0.245745882862682,0.463112634433546,0.53303351141421,0.312123427262682,0.45119144913433,0.483972922989521,0.366367270562681,0.558427163465345,0.53423552099678,0.392554201662682,0.51356106915606,0.557306597915925,0.446396637662682,0.536742247000605,0.550662678121965,0.51365212766268,0.484411461153391,0.551975359734585,0.56716701811268,0.56760438434728,0.509019032836575,0.64813977056268,0.55811200469006,0.53031166368554,0.76847640786268,0.482053586481003,0.44232927770413,0.231879627662682,0.53438437230322,0.441016596048211,0.285394518112682,0.51120436205052,0.436013026170567,0.352606809612682,0.556888275651015,0.456925992315217,0.406719280112682,0.45123800684025,0.51189380740166,0.432439740562682,0.460683828766547,0.462680292097254,0.486703907862682,0.449926834261083,0.484247229477051,0.55331103136268,0.481189719480599,0.443513231368447,0.60745873281268,0.50759147140609,0.55697892961223,0.63437930961268,0.461907557805593,0.53606596346758,0.68849178011268,0.484490717156056,0.550746542258005,0.75505616566268,0.534305116325555,0.442245413568092,0.473283665662682,0.567239570977585,0.480966313644981,0.52751838286268,0.55568319902306,0.459958444368588,0.59389592726268,0.460368669991265,0.458756434786014,0.67432670166268,0.50523476430055,0.435685357866872,0.72816913766268,0.56755782661636,0.481098148381137,0.71421224056268,0.509069629250477,0.515002846243686,0.374779080273026,0.509126340216822,0.477584074603127,0.374905538543971,90.0,2.5,10.8723944
0.568868999220525,0.508744726349045,0.271538531362682,0.53760611397601,0.54947872441435,0.325686232812682,0.451556262479026,0.512025642137815,0.245745882862682,0.463112634433546,0.53303351141421,0.312123427262682,0.45119144913433,0.483972922989521,0.366367270562681,0.558427163465345,0.53423552099678,0.392554201662682,0.51356106915606,0.557306597915925,0.446396637662682,0.536742247000605,0.550662678121965,0.51365212766268,0.484411461153391,0.551975359734585,0.56716701811268,0.56760438434728,0.509019032836575,0.64813977056268,0.55811200469006,0.53031166368554,0.76847640786268,0.482053586481003,0.44232927770413,0.231879627662682,0.53438437230322,0.441016596048211,0.285394518112682,0.51120436205052,0.436013026170567,0.352606809612682,0.556888275651015,0.456925992315217,0.406719280112682,0.45123800684025,0.51189380740166,0.432439740562682,0.460683828766547,0.462680292097254,0.486703907862682,0.449926834261083,0.484247229477051,0.55331103136268,0.481189719480599,0.443513231368447,0.60745873281268,0.50759147140609,0.55697892961223,0.63437930961268,0.461907557805593,0.53606596346758,0.68849178011268,0.484490717156056,0.550746542258005,0.75505616566268,0.534305116325555,0.442245413568092,0.473283665662682,0.567239570977585,0.480966313644981,0.52751838286268,0.55568319902306,0.459958444368588,0.59389592726268,0.460368669991265,0.458756434786014,0.67432670166268,0.50523476430055,0.435685357866872,0.72816913766268,0.56755782661636,0.481098148381137,0.71421224056268,0.509083472463648,0.514987883245884,0.347138921393145,0.509140183429993,0.477569111605326,0.34726537966409,90.0,3.0,12.2292086
0.568868999220525,0.508744726349045,0.271538531362682,0.53760611397601,0.54947872441435,0.325686232812682,0.451556262479026,0.512025642137815,0.245745882862682,0.463112634433546,0.53303351141421,0.312123427262682,0.45119144913433,0.483972922989521,0.366367270562681,0.558427163465345,0.53423552099678,0.392554201662682,0.51356106915606,0.557306597915925,0.446396637662682,0.536742247000605,0.550662678121965,0.51365212766268,0.484411461153391,0.551975359734585,0.56716701811268,0.56760438434728,0.509019032836575,0.64813977056268,0.55811200469006,0.53031166368554,0.76847640786268,0.482053586481003,0.44232927770413,0.231879627662682,0.53438437230322,0.441016596048211,0.285394518112682,0.51120436205052,0.436013026170567,0.352606809612682,0.556888275651015,0.456925992315217,0.406719280112682,0.45123800684025,0.51189380740166,0.432439740562682,0.460683828766547,0.462680292097254,0.486703907862682,0.449926834261083,0.484247229477051,0.55331103136268,0.481189719480599,0.443513231368447,0.60745873281268,0.50759147140609,0.55697892961223,0.63437930961268,0.461907557805593,0.53606596346758,0.68849178011268,0.484490717156056,0.550746542258005,0.75505616566268,0.534305116325555,0.442245413568092,0.473283665662682,0.567239570977585,0.480966313644981,0.52751838286268,0.55568319902306,0.459958444368588,0.59389592726268,0.460368669991265,0.458756434786014,0.67432670166268,0.50523476430055,0.435685357866872,0.72816913766268,0.56755782661636,0.481098148381137,0.71421224056268,0.508998599599895,0.515170683750266,0.324106331844886,0.50905531056624,0.477751912109707,0.324232790115831,90.0,3.5,12.1984814
0.568868999220525,0.508744726349045,0.271538531362682,0.53760611397601,0.54947872441435,0.325686232812682,0.451556262479026,0.512025642137815,0.245745882862682,0.463112634433546,0.53303351141421,0.312123427262682,0.45119144913433,0.483972922989521,0.366367270562681,0.558427163465345,0.53423552099678,0.392554201662682,0.51356106915606,0.557306597915925,0.446396637662682,0.536742247000605,0.550662678121965,0.51365212766268,0.484411461153391,0.551975359734585,0.56716701811268,0.56760438434728,0.509019032836575,0.64813977056268,0.55811200469006,0.53031166368554,0.76847640786268,0.482053586481003,0.44232927770413,0.231879627662682,0.53438437230322,0.441016596048211,0.285394518112682,0.51120436205052,0.436013026170567,0.352606809612682,0.556888275651015,0.456925992315217,0.406719280112682,0.45123800684025,0.51189380740166,0.432439740562682,0.460683828766547,0.462680292097254,0.486703907862682,0.449926834261083,0.484247229477051,0.55331103136268,0.481189719480599,0.443513231368447,0.60745873281268,0.50759147140609,0.55697892961223,0.63437930961268,0.461907557805593,0.53606596346758,0.68849178011268,0.484490717156056,0.550746542258005,0.75505616566268,0.534305116325555,0.442245413568092,0.473283665662682,0.567239570977585,0.480966313644981,0.52751838286268,0.55568319902306,0.459958444368588,0.59389592726268,0.460368669991265,0.458756434786014,0.67432670166268,0.50523476430055,0.435685357866872,0.72816913766268,0.56755782661636,0.481098148381137,0.71421224056268,0.509110889944838,0.515233300775124,0.299230513394475,0.509167600911183,0.477814529134566,0.29935697166542,90.0,4.0,11.7899572
0.568868999220525,0.508744726349045,0.271538531362682,0.53760611397601,0.54947872441435,0.325686232812682,0.451556262479026,0.512025642137815,0.245745882862682,0.463112634433546,0.53303351141421,0.312123427262682,0.45119144913433,0.483972922989521,0.366367270562681,0.558427163465345,0.53423552099678,0.392554201662682,0.51356106915606,0.557306597915925,0.446396637662682,0.536742247000605,0.550662678121965,0.51365212766268,0.484411461153391,0.551975359734585,0.56716701811268,0.56760438434728,0.509019032836575,0.64813977056268,0.55811200469006,0.53031166368554,0.76847640786268,0.482053586481003,0.44232927770413,0.231879627662682,0.53438437230322,0.441016596048211,0.285394518112682,0.51120436205052,0.436013026170567,0.352606809612682,0.556888275651015,0.456925992315217,0.406719280112682,0.45123800684025,0.51189380740166,0.432439740562682,0.460683828766547,0.462680292097254,0.486703907862682,0.449926834261083,0.484247229477051,0.55331103136268,0.481189719480599,0.443513231368447,0.60745873281268,0.50759147140609,0.55697892961223,0.63437930961268,0.461907557805593,0.53606596346758,0.68849178011268,0.484490717156056,0.550746542258005,0.75505616566268,0.534305116325555,0.442245413568092,0.473283665662682,0.567239570977585,0.480966313644981,0.52751838286268,0.55568319902306,0.459958444368588,0.59389592726268,0.460368669991265,0.458756434786014,0.67432670166268,0.50523476430055,0.435685357866872,0.72816913766268,0.56755782661636,0.481098148381137,0.71421224056268,0.509145518932153,0.515168792489039,0.274863296766337,0.509202229898498,0.477750020848477,0.274989755037282,90.0,4.5,10.7895872
0.568868999220525,0.508744726349045,0.271538531362682,0.53760611397601,0.54947872441435,0.325686232812682,0.451556262479026,0.512025642137815,0.245745882862682,0.463112634433546,0.53303351141421,0.312123427262682,0.45119144913433,0.483972922989521,0.366367270562681,0.558427163465345,0.53423552099678,0.392554201662682,0.51356106915606,0.557306597915925,0.446396637662682,0.536742247000605,0.550662678121965,0.51365212766268,0.484411461153391,0.551975359734585,0.56716701811268,0.56760438434728,0.509019032836575,0.64813977056268,0.55811200469006,0.53031166368554,0.76847640786268,0.482053586481003,0.44232927770413,0.231879627662682,0.53438437230322,0.441016596048211,0.285394518112682,0.51120436205052,0.436013026170567,0.352606809612682,0.556888275651015,0.456925992315217,0.406719280112682,0.45123800684025,0.51189380740166,0.432439740562682,0.460683828766547,0.462680292097254,0.486703907862682,0.449926834261083,0.484247229477051,0.55331103136268,0.481189719480599,0.443513231368447,0.60745873281268,0.50759147140609,0.55697892961223,0.63437930961268,0.461907557805593,0.53606596346758,0.68849178011268,0.484490717156056,0.550746542258005,0.75505616566268,0.534305116325555,0.442245413568092,0.473283665662682,0.567239570977585,0.480966313644981,0.52751838286268,0.55568319902306,0.459958444368588,0.59389592726268,0.460368669991265,0.458756434786014,0.67432670166268,0.50523476430055,0.435685357866872,0.72816913766268,0.56755782661636,0.481098148381137,0.71421224056268,0.509078246153948,0.515263348002492,0.246792243574481,0.509134957120293,0.477844576361934,0.246918701845426,90.0,5.0,8.5997534
0.568868999220525,0.508744726349045,0.271538531362682,0.53760611397601,0.54947872441435,0.325686232812682,0.451556262479026,0.512025642137815,0.245745882862682,0.463112634433546,0.53303351141421,0.312123427262682,0.45119144913433,0.483972922989521,0.366367270562681,0.558427163465345,0.53423552099678,0.392554201662682,0.51356106915606,0.557306597915925,0.446396637662682,0.536742247000605,0.550662678121965,0.51365212766268,0.484411461153391,0.551975359734585,0.56716701811268,0.56760438434728,0.509019032836575,0.64813977056268,0.55811200469006,0.53031166368554,0.76847640786268,0.482053586481003,0.44232927770413,0.231879627662682,0.53438437230322,0.441016596048211,0.285394518112682,0.51120436205052,0.436013026170567,0.352606809612682,0.556888275651015,0.456925992315217,0.406719280112682,0.45123800684025,0.51189380740166,0.432439740562682,0.460683828766547,0.462680292097254,0.486703907862682,0.449926834261083,0.484247229477051,0.55331103136268,0.481189719480599,0.443513231368447,0.60745873281268,0.50759147140609,0.55697892961223,0.63437930961268,0.461907557805593,0.53606596346758,0.68849178011268,0.484490717156056,0.550746542258005,0.75505616566268,0.534305116325555,0.442245413568092,0.473283665662682,0.567239570977585,0.480966313644981,0.52751838286268,0.55568319902306,0.459958444368588,0.59389592726268,0.460368669991265,0.458756434786014,0.67432670166268,0.50523476430055,0.435685357866872,0.72816913766268,0.56755782661636,0.481098148381137,0.71421224056268,0.509079601174559,0.515059524299631,0.2246673215203,0.509136312140904,0.477640752659076,0.224793779791245,90.0,5.5,6.0720072
0.568868999220525,0.508744726349045,0.271538531362682,0.53760611397601,0.54947872441435,0.325686232812682,0.451556262479026,0.512025642137815,0.245745882862682,0.463112634433546,0.53303351141421,0.312123427262682,0.45119144913433,0.483972922989521,0.366367270562681,0.558427163465345,0.53423552099678,0.392554201662682,0.51356106915606,0.557306597915925,0.446396637662682,0.536742247000605,0.550662678121965,0.51365212766268,0.484411461153391,0.551975359734585,0.56716701811268,0.56760438434728,0.509019032836575,0.64813977056268,0.55811200469006,0.53031166368554,0.76847640786268,0.482053586481003,0.44232927770413,0.231879627662682,0.53438437230322,0.441016596048211,0.285394518112682,0.51120436205052,0.436013026170567,0.352606809612682,0.556888275651015,0.456925992315217,0.406719280112682,0.45123800684025,0.51189380740166,0.432439740562682,0.460683828766547,0.462680292097254,0.486703907862682,0.449926834261083,0.484247229477051,0.55331103136268,0.481189719480599,0.443513231368447,0.60745873281268,0.50759147140609,0.55697892961223,0.63437930961268,0.461907557805593,0.53606596346758,0.68849178011268,0.484490717156056,0.550746542258005,0.75505616566268,0.534305116325555,0.442245413568092,0.473283665662682,0.567239570977585,0.480966313644981,0.52751838286268,0.55568319902306,0.459958444368588,0.59389592726268,0.460368669991265,0.458756434786014,0.67432670166268,0.50523476430055,0.435685357866872,0.72816913766268,0.56755782661636,0.481098148381137,0.71421224056268,0.509113496851509,0.51511994042347,0.199512141642335,0.509170207817854,0.477701168782917,0.19963859991328,90.0,6.0,2.3640414
0.568868999220525,0.508744726349045,0.271538531362682,0.53760611397601,0.54947872441435,0.325686232812682,0.451556262479026,0.512025642137815,0.245745882862682,0.463112634433546,0.53303351141421,0.312123427262682,0.45119144913433,0.483972922989521,0.366367270562681,0.558427163465345,0.53423552099678,0.392554201662682,0.51356106915606,0.557306597915925,0.446396637662682,0.536742247000605,0.550662678121965,0.51365212766268,0.484411461153391,0.551975359734585,0.56716701811268,0.56760438434728,0.509019032836575,0.64813977056268,0.55811200469006,0.53031166368554,0.76847640786268,0.482053586481003,0.44232927770413,0.231879627662682,0.53438437230322,0.441016596048211,0.285394518112682,0.51120436205052,0.436013026170567,0.352606809612682,0.556888275651015,0.456925992315217,0.406719280112682,0.45123800684025,0.51189380740166,0.432439740562682,0.460683828766547,0.462680292097254,0.486703907862682,0.449926834261083,0.484247229477051,0.55331103136268,0.481189719480599,0.443513231368447,0.60745873281268,0.50759147140609,0.55697892961223,0.63437930961268,0.461907557805593,0.53606596346758,0.68849178011268,0.484490717156056,0.550746542258005,0.75505616566268,0.534305116325555,0.442245413568092,0.473283665662682,0.567239570977585,0.480966313644981,0.52751838286268,0.55568319902306,0.459958444368588,0.59389592726268,0.460368669991265,0.458756434786014,0.67432670166268,0.50523476430055,0.435685357866872,0.72816913766268,0.56755782661636,0.481098148381137,0.71421224056268,0.509116819927183,0.515135915441368,0.174235360052899,0.509173530893528,0.477717143800814,0.174361818323844,90.0,6.5,1.7077032
0.568868999220525,0.508744726349045,0.271538531362682,0.53760611397601,0.54947872441435,0.325686232812682,0.451556262479026,0.512025642137815,0.245745882862682,0.463112634433546,0.53303351141421,0.312123427262682,0.45119144913433,0.483972922989521,0.366367270562681,0.558427163465345,0.53423552099678,0.392554201662682,0.51356106915606,0.557306597915925,0.446396637662682,0.536742247000605,0.550662678121965,0.51365212766268,0.484411461153391,0.551975359734585,0.56716701811268,0.56760438434728,0.509019032836575,0.64813977056268,0.55811200469006,0.53031166368554,0.76847640786268,0.482053586481003,0.44232927770413,0.231879627662682,0.53438437230322,0.441016596048211,0.285394518112682,0.51120436205052,0.436013026170567,0.352606809612682,0.556888275651015,0.456925992315217,0.406719280112682,0.45123800684025,0.51189380740166,0.432439740562682,0.460683828766547,0.462680292097254,0.486703907862682,0.449926834261083,0.484247229477051,0.55331103136268,0.481189719480599,0.443513231368447,0.60745873281268,0.50759147140609,0.55697892961223,0.63437930961268,0.461907557805593,0.53606596346758,0.68849178011268,0.484490717156056,0.550746542258005,0.75505616566268,0.534305116325555,0.442245413568092,0.473283665662682,0.567239570977585,0.480966313644981,0.52751838286268,0.55568319902306,0.459958444368588,0.59389592726268,0.460368669991265,0.458756434786014,0.67432670166268,0.50523476430055,0.435685357866872,0.72816913766268,0.56755782661636,0.481098148381137,0.71421224056268,0.509122931023595,0.515276513308874,0.150012180479687,0.50917964198994,0.477857741668317,0.150138638750633,90.0,7.0,0.830676
0.568868999220525,0.508744726349045,0.271538531362682,0.53760611397601,0.54947872441435,0.325686232812682,0.451556262479026,0.512025642137815,0.245745882862682,0.463112634433546,0.53303351141421,0.312123427262682,0.45119144913433,0.483972922989521,0.366367270562681,0.558427163465345,0.53423552099678,0.392554201662682,0.51356106915606,0.557306597915925,0.446396637662682,0.536742247000605,0.550662678121965,0.51365212766268,0.484411461153391,0.551975359734585,0.56716701811268,0.56760438434728,0.509019032836575,0.64813977056268,0.55811200469006,0.53031166368554,0.76847640786268,0.482053586481003,0.44232927770413,0.231879627662682,0.53438437230322,0.441016596048211,0.285394518112682,0.51120436205052,0.436013026170567,0.352606809612682,0.556888275651015,0.456925992315217,0.406719280112682,0.45123800684025,0.51189380740166,0.432439740562682,0.460683828766547,0.462680292097254,0.486703907862682,0.449926834261083,0.484247229477051,0.55331103136268,0.481189719480599,0.443513231368447,0.60745873281268,0.50759147140609,0.55697892961223,0.63437930961268,0.461907557805593,0.53606596346758,0.68849178011268,0.484490717156056,0.550746542258005,0.75505616566268,0.534305116325555,0.442245413568092,0.473283665662682,0.567239570977585,0.480966313644981,0.52751838286268,0.55568319902306,0.459958444368588,0.59389592726268,0.460368669991265,0.458756434786014,0.67432670166268,0.50523476430055,0.435685357866872,0.72816913766268,0.56755782661636,0.481098148381137,0.71421224056268,0.496044147013119,0.510026420470229,0.525244088955776,0.522543318863163,0.483607538408692,0.525386359110395,135.0,0.5,11.8602652
0.568868999220525,0.508744726349045,0.271538531362682,0.53760611397601,0.54947872441435,0.325686232812682,0.451556262479026,0.512025642137815,0.245745882862682,0.463112634433546,0.53303351141421,0.312123427262682,0.45119144913433,0.483972922989521,0.366367270562681,0.558427163465345,0.53423552099678,0.392554201662682,0.51356106915606,0.557306597915925,0.446396637662682,0.536742247000605,0.550662678121965,0.51365212766268,0.484411461153391,0.551975359734585,0.56716701811268,0.56760438434728,0.509019032836575,0.64813977056268,0.55811200469006,0.53031166368554,0.76847640786268,0.482053586481003,0.44232927770413,0.231879627662682,0.53438437230322,0.441016596048211,0.285394518112682,0.51120436205052,0.436013026170567,0.352606809612682,0.556888275651015,0.456925992315217,0.406719280112682,0.45123800684025,0.51189380740166,0.432439740562682,0.460683828766547,0.462680292097254,0.486703907862682,0.449926834261083,0.484247229477051,0.55331103136268,0.481189719480599,0.443513231368447,0.60745873281268,0.50759147140609,0.55697892961223,0.63437930961268,0.461907557805593,0.53606596346758,0.68849178011268,0.484490717156056,0.550746542258005,0.75505616566268,0.534305116325555,0.442245413568092,0.473283665662682,0.567239570977585,0.480966313644981,0.52751838286268,0.55568319902306,0.459958444368588,0.59389592726268,0.460368669991265,0.458756434786014,0.67432670166268,0.50523476430055,0.435685357866872,0.72816913766268,0.56755782661636,0.481098148381137,0.71421224056268,0.49605813654331,0.510175808687122,0.552396922748282,0.522557304422891,0.483756842225281,0.552523381019227,135.0,1.0,12.1110304
0.568868999220525,0.508744726349045,0.271538531362682,0.53760611397601,0.54947872441435,0.325686232812682,0.451556262479026,0.512025642137815,0.245745882862682,0.463112634433546,0.53303351141421,0.312123427262682,0.45119144913433,0.483972922989521,0.366367270562681,0.558427163465345,0.53423552099678,0.392554201662682,0.51356106915606,0.557306597915925,0.446396637662682,0.536742247000605,0.550662678121965,0.51365212766268,0.484411461153391,0.551975359734585,0.56716701811268,0.56760438434728,0.509019032836575,0.64813977056268,0.55811200469006,0.53031166368554,0.76847640786268,0.482053586481003,0.44232927770413,0.231879627662682,0.53438437230322,0.441016596048211,0.285394518112682,0.51120436205052,0.436013026170567,0.352606809612682,0.556888275651015,0.456925992315217,0.406719280112682,0.45123800684025,0.51189380740166,0.432439740562682,0.460683828766547,0.462680292097254,0.486703907862682,0.449926834261083,0.484247229477051,0.55331103136268,0.481189719480599,0.443513231368447,0.60745873281268,0.50759147140609,0.55697892961223,0.63437930961268,0.461907557805593,0.53606596346758,0.68849178011268,0.484490717156056,0.550746542258005,0.75505616566268,0.534305116325555,0.442245413568092,0.473283665662682,0.567239570977585,0.480966313644981,0.52751838286268,0.55568319902306,0.459958444368588,0.59389592726268,0.460368669991265,0.458756434786014,0.67432670166268,0.50523476430055,0.435685357866872,0.72816913766268,0.56755782661636,0.481098148381137,0.71421224056268,0.496188781674963,0.510223463576629,0.57634920104007,0.522687949554542,0.48380449711479,0.576475659311015,135.0,1.5,12.9977358
0.568868999220525,0.508744726349045,0.271538531362682,0.53760611397601,0.54947872441435,0.325686232812682,0.451556262479026,0.512025642137815,0.245745882862682,0.463112634433546,0.53303351141421,0.312123427262682,0.45119144913433,0.483972922989521,0.366367270562681,0.558427163465345,0.53423552099678,0.392554201662682,0.51356106915606,0.557306597915925,0.446396637662682,0.536742247000605,0.550662678121965,0.51365212766268,0.484411461153391,0.551975359734585,0.56716701811268,0.56760438434728,0.509019032836575,0.64813977056268,0.55811200469006,0.53031166368554,0.76847640786268,0.482053586481003,0.44232927770413,0.231879627662682,0.53438437230322,0.441016596048211,0.285394518112682,0.51120436205052,0.436013026170567,0.352606809612682,0.556888275651015,0.456925992315217,0.406719280112682,0.45123800684025,0.51189380740166,0.432439740562682,0.460683828766547,0.462680292097254,0.486703907862682,0.449926834261083,0.484247229477051,0.55331103136268,0.481189719480599,0.443513231368447,0.60745873281268,0.50759147140609,0.55697892961223,0.63437930961268,0.461907557805593,0.53606596346758,0.68849178011268,0.484490717156056,0.550746542258005,0.75505616566268,0.534305116325555,0.442245413568092,0.473283665662682,0.567239570977585,0.480966313644981,0.52751838286268,0.55568319902306,0.459958444368588,0.59389592726268,0.460368669991265,0.458756434786014,0.67432670166268,0.50523476430055,0.435685357866872,0.72816913766268,0.56755782661636,0.481098148381137,0.71421224056268,0.496179809082722,0.510293022261806,0.60053424459721,0.522678976962303,0.483874055799966,0.600660702868155,135.0,2.0,12.8273474
0.568868999220525,0.508744726349045,0.271538531362682,0.53760611397601,0.54947872441435,0.325686232812682,0.451556262479026,0.512025642137815,0.245745882862682,0.463112634433546,0.53303351141421,0.312123427262682,0.45119144913433,0.483972922989521,0.366367270562681,0.558427163465345,0.53423552099678,0.392554201662682,0.51356106915606,0.557306597915925,0.446396637662682,0.536742247000605,0.550662678121965,0.51365212766268,0.484411461153391,0.551975359734585,0.56716701811268,0.56760438434728,0.509019032836575,0.64813977056268,0.55811200469006,0.53031166368554,0.76847640786268,0.482053586481003,0.44232927770413,0.231879627662682,0.53438437230322,0.441016596048211,0.285394518112682,0.51120436205052,0.436013026170567,0.352606809612682,0.556888275651015,0.456925992315217,0.406719280112682,0.45123800684025,0.51189380740166,0.432439740562682,0.460683828766547,0.462680292097254,0.486703907862682,0.449926834261083,0.484247229477051,0.55331103136268,0.481189719480599,0.443513231368447,0.60745873281268,0.50759147140609,0.55697892961223,0.63437930961268,0.461907557805593,0.53606596346758,0.68849178011268,0.484490717156056,0.550746542258005,0.75505616566268,0.534305116325555,0.442245413568092,0.473283665662682,0.567239570977585,0.480966313644981,0.52751838286268,0.55568319902306,0.459958444368588,0.59389592726268,0.460368669991265,0.458756434786014,0.67432670166268,0.50523476430055,0.435685357866872,0.72816913766268,0.56755782661636,0.481098148381137,0.71421224056268,0.496348776901771,0.510238457555971,0.6271373131564,0.522847944781352,0.48381949109413,0.627263771427345,135.0,2.5,10.9828908
0.568868999220525,0.508744726349045,0.271538531362682,0.53760611397601,0.54947872441435,0.325686232812682,0.451556262479026,0.512025642137815,0.245745882862682,0.463112634433546,0.53303351141421,0.312123427262682,0.45119144913433,0.483972922989521,0.366367270562681,0.558427163465345,0.53423552099678,0.392554201662682,0.51356106915606,0.557306597915925,0.446396637662682,0.536742247000605,0.550662678121965,0.51365212766268,0.484411461153391,0.551975359734585,0.56716701811268,0.56760438434728,0.509019032836575,0.64813977056268,0.55811200469006,0.53031166368554,0.76847640786268,0.482053586481003,0.44232927770413,0.231879627662682,0.53438437230322,0.441016596048211,0.285394518112682,0.51120436205052,0.436013026170567,0.352606809612682,0.556888275651015,0.456925992315217,0.406719280112682,0.45123800684025,0.51189380740166,0.432439740562682,0.460683828766547,0.462680292097254,0.486703907862682,0.449926834261083,0.484247229477051,0.55331103136268,0.481189719480599,0.443513231368447,0.60745873281268,0.50759147140609,0.55697892961223,0.63437930961268,0.461907557805593,0.53606596346758,0.68849178011268,0.484490717156056,0.550746542258005,0.75505616566268,0.534305116325555,0.442245413568092,0.473283665662682,0.567239570977585,0.480966313644981,0.52751838286268,0.55568319902306,0.459958444368588,0.59389592726268,0.460368669991265,0.458756434786014,0.67432670166268,0.50523476430055,0.435685357866872,0.72816913766268,0.56755782661636,0.481098148381137,0.71421224056268,0.496404352059625,0.510040579485986,0.653285876473748,0.522903519939206,0.483621613024146,0.653412334744693,135.0,3.0,10.4400002
0.568868999220525,0.508744726349045,0.271538531362682,0.53760611397601,0.54947872441435,0.325686232812682,0.451556262479026,0.512025642137815,0.245745882862682,0.463112634433546,0.53303351141421,0.312123427262682,0.45119144913433,0.483972922989521,0.366367270562681,0.558427163465345,0.53423552099678,0.392554201662682,0.51356106915606,0.557306597915925,0.446396637662682,0.536742247000605,0.550662678121965,0.51365212766268,0.484411461153391,0.551975359734585,0.56716701811268,0.56760438434728,0.509019032836575,0.64813977056268,0.55811200469006,0.53031166368554,0.76847640786268,0.482053586481003,0.44232927770413,0.231879627662682,0.53438437230322,0.441016596048211,0.285394518112682,0.51120436205052,0.436013026170567,0.352606809612682,0.556888275651015,0.456925992315217,0.406719280112682,0.45123800684025,0.51189380740166,0.432439740562682,0.460683828766547,0.462680292097254,0.486703907862682,0.449926834261083,0.484247229477051,0.55331103136268,0.481189719480599,0.443513231368447,0.60745873281268,0.50759147140609,0.55697892961223,0.63437930961268,0.461907557805593,0.53606596346758,0.68849178011268,0.484490717156056,0.550746542258005,0.75505616566268,0.534305116325555,0.442245413568092,0.473283665662682,0.567239570977585,0.480966313644981,0.52751838286268,0.55568319902306,0.459958444368588,0.59389592726268,0.460368669991265,0.458756434786014,0.67432670166268,0.50523476430055,0.435685357866872,0.72816913766268,0.56755782661636,0.481098148381137,0.71421224056268,0.496398755083231,0.51025302759103,0.67505147036605,0.522897922962811,0.48383406112919,0.675177928636995,135.0,3.5,10.9865798
0.568868999220525,0.508744726349045,0.271538531362682,0.53760611397601,0.54947872441435,0.325686232812682,0.451556262479026,0.512025642137815,0.245745882862682,0.463112634433546,0.53303351141421,0.312123427262682,0.45119144913433,0.483972922989521,0.366367270562681,0.558427163465345,0.53423552099678,0.392554201662682,0.51356106915606,0.557306597915925,0.446396637662682,0.536742247000605,0.550662678121965,0.51365212766268,0.484411461153391,0.551975359734585,0.56716701811268,0.56760438434728,0.509019032836575,0.64813977056268,0.55811200469006,0.53031166368554,0.76847640786268,0.482053586481003,0.44232927770413,0.231879627662682,0.53438437230322,0.441016596048211,0.285394518112682,0.51120436205052,0.436013026170567,0.352606809612682,0.556888275651015,0.456925992315217,0.406719280112682,0.45123800684025,0.51189380740166,0.432439740562682,0.460683828766547,0.462680292097254,0.486703907862682,0.449926834261083,0.484247229477051,0.55331103136268,0.481189719480599,0.443513231368447,0.60745873281268,0.50759147140609,0.55697892961223,0.63437930961268,0.461907557805593,0.53606596346758,0.68849178011268,0.484490717156056,0.550746542258005,0.75505616566268,0.534305116325555,0.442245413568092,0.473283665662682,0.567239570977585,0.480966313644981,0.52751838286268,0.55568319902306,0.459958444368588,0.59389592726268,0.460368669991265,0.458756434786014,0.67432670166268,0.50523476430055,0.435685357866872,0.72816913766268,0.56755782661636,0.481098148381137,0.71421224056268,0.496525921656486,0.510360852441221,0.701244544799758,0.523025089536067,0.48394188597938,0.701371003070703,135.0,4.0,11.7607056
0.568868999220525,0.508744726349045,0.271538531362682,0.53760611397601,0.54947872441435,0.325686232812682,0.451556262479026,0.512025642137815,0.245745882862682,0.463112634433546,0.53303351141421,0.312123427262682,0.45119144913433,0.483972922989521,0.366367270562681,0.558427163465345,0.53423552099678,0.392554201662682,0.51356106915606,0.557306597915925,0.446396637662682,0.536742247000605,0.550662678121965,0.51365212766268,0.484411461153391,0.551975359734585,0.56716701811268,0.56760438434728,0.509019032836575,0.64813977056268,0.55811200469006,0.53031166368554,0.76847640786268,0.482053586481003,0.44232927770413,0.231879627662682,0.53438437230322,0.441016596048211,0.285394518112682,0.51120436205052,0.436013026170567,0.352606809612682,0.556888275651015,0.456925992315217,0.406719280112682,0.45123800684025,0.51189380740166,0.432439740562682,0.460683828766547,0.462680292097254,0.486703907862682,0.449926834261083,0.484247229477051,0.55331103136268,0.481189719480599,0.443513231368447,0.60745873281268,0.50759147140609,0.55697892961223,0.63437930961268,0.461907557805593,0.53606596346758,0.68849178011268,0.484490717156056,0.550746542258005,0.75505616566268,0.534305116325555,0.442245413568092,0.473283665662682,0.567239570977585,0.480966313644981,0.52751838286268,0.55568319902306,0.459958444368588,0.59389592726268,0.460368669991265,0.458756434786014,0.67432670166268,0.50523476430055,0.435685357866872,0.72816913766268,0.56755782661636,0.481098148381137,0.71421224056268,0.496491146557741,0.510282140878056,0.727393775434243,0.522990314437322,0.483863174416216,0.727520233705188,135.0,4.5,11.2385168
0.568868999220525,0.508744726349045,0.271538531362682,0.53760611397601,0.54947872441435,0.325686232812682,0.451556262479026,0.512025642137815,0.245745882862682,0.463112634433546,0.53303351141421,0.312123427262682,0.45119144913433,0.483972922989521,0.366367270562681,0.558427163465345,0.53423552099678,0.392554201662682,0.51356106915606,0.557306597915925,0.446396637662682,0.536742247000605,0.550662678121965,0.51365212766268,0.484411461153391,0.551975359734585,0.56716701811268,0.56760438434728,0.509019032836575,0.64813977056268,0.55811200469006,0.53031166368554,0.76847640786268,0.482053586481003,0.44232927770413,0.231879627662682,0.53438437230322,0.441016596048211,0.285394518112682,0.51120436205052,0.436013026170567,0.352606809612682,0.556888275651015,0.456925992315217,0.406719280112682,0.45123800684025,0.51189380740166,0.432439740562682,0.460683828766547,0.462680292097254,0.486703907862682,0.449926834261083,0.484247229477051,0.55331103136268,0.481189719480599,0.443513231368447,0.60745873281268,0.50759147140609,0.55697892961223,0.63437930961268,0.461907557805593,0.53606596346758,0.68849178011268,0.484490717156056,0.550746542258005,0.75505616566268,0.534305116325555,0.442245413568092,0.473283665662682,0.567239570977585,0.480966313644981,0.52751838286268,0.55568319902306,0.459958444368588,0.59389592726268,0.460368669991265,0.458756434786014,0.67432670166268,0.50523476430055,0.435685357866872,0.72816913766268,0.56755782661636,0.481098148381137,0.71421224056268,0.496403143754054,0.510294022350706,0.750877649504329,0.522902311633633,0.483875055888866,0.751004107775274,135.0,5.0,9.9938916
0.568868999220525,0.508744726349045,0.271538531362682,0.53760611397601,0.54947872441435,0.325686232812682,0.451556262479026,0.512025642137815,0.245745882862682,0.463112634433546,0.53303351141421,0.312123427262682,0.45119144913433,0.483972922989521,0.366367270562681,0.558427163465345,0.53423552099678,0.392554201662682,0.51356106915606,0.557306597915925,0.446396637662682,0.536742247000605,0.550662678121965,0.51365212766268,0.484411461153391,0.551975359734585,0.56716701811268,0.56760438434728,0.509019032836575,0.64813977056268,0.55811200469006,0.53031166368554,0.76847640786268,0.482053586481003,0.44232927770413,0.231879627662682,0.53438437230322,0.441016596048211,0.285394518112682,0.51120436205052,0.436013026170567,0.352606809612682,0.556888275651015,0.456925992315217,0.406719280112682,0.45123800684025,0.51189380740166,0.432439740562682,0.460683828766547,0.462680292097254,0.486703907862682,0.449926834261083,0.484247229477051,0.55331103136268,0.481189719480599,0.443513231368447,0.60745873281268,0.50759147140609,0.55697892961223,0.63437930961268,0.461907557805593,0.53606596346758,0.68849178011268,0.484490717156056,0.550746542258005,0.75505616566268,0.534305116325555,0.442245413568092,0.473283665662682,0.567239570977585,0.480966313644981,0.52751838286268,0.55568319902306,0.459958444368588,0.59389592726268,0.460368669991265,0.458756434786014,0.67432670166268,0.50523476430055,0.435685357866872,0.72816913766268,0.56755782661636,0.481098148381137,0.71421224056268,0.496421921576659,0.510384705780279,0.77675521139093,0.522921089456238,0.483965739318439,0.776881669661875,135.0,5.5,5.6859642
0.568868999220525,0.508744726349045,0.271538531362682,0.53760611397601,0.54947872441435,0.325686232812682,0.451556262479026,0.512025642137815,0.245745882862682,0.463112634433546,0.53303351141421,0.312123427262682,0.45119144913433,0.483972922989521,0.366367270562681,0.558427163465345,0.53423552099678,0.392554201662682,0.51356106915606,0.557306597915925,0.446396637662682,0.536742247000605,0.550662678121965,0.51365212766268,0.484411461153391,0.551975359734585,0.56716701811268,0.56760438434728,0.509019032836575,0.64813977056268,0.55811200469006,0.53031166368554,0.76847640786268,0.482053586481003,0.44232927770413,0.231879627662682,0.53438437230322,0.441016596048211,0.285394518112682,0.51120436205052,0.436013026170567,0.352606809612682,0.556888275651015,0.456925992315217,0.406719280112682,0.45123800684025,0.51189380740166,0.432439740562682,0.460683828766547,0.462680292097254,0.486703907862682,0.449926834261083,0.484247229477051,0.55331103136268,0.481189719480599,0.443513231368447,0.60745873281268,0.50759147140609,0.55697892961223,0.63437930961268,0.461907557805593,0.53606596346758,0.68849178011268,0.484490717156056,0.550746542258005,0.75505616566268,0.534305116325555,0.442245413568092,0.473283665662682,0.567239570977585,0.480966313644981,0.52751838286268,0.55568319902306,0.459958444368588,0.59389592726268,0.460368669991265,0.458756434786014,0.67432670166268,0.50523476430055,0.435685357866872,0.72816913766268,0.56755782661636,0.481098148381137,0.71421224056268,0.496372056175857,0.510160343359774,0.800866859066985,0.522871224055438,0.483741376897934,0.80099331733793,135.0,6.0,2.2762432
0.568868999220525,0.508744726349045,0.271538531362682,0.53760611397601,0.54947872441435,0.325686232812682,0.451556262479026,0.512025642137815,0.245745882862682,0.463112634433546,0.53303351141421,0.312123427262682,0.45119144913433,0.483972922989521,0.366367270562681,0.558427163465345,0.53423552099678,0.392554201662682,0.51356106915606,0.557306597915925,0.446396637662682,0.536742247000605,0.550662678121965,0.51365212766268,0.484411461153391,0.551975359734585,0.56716701811268,0.56760438434728,0.509019032836575,0.64813977056268,0.55811200469006,0.53031166368554,0.76847640786268,0.482053586481003,0.44232927770413,0.231879627662682,0.53438437230322,0.441016596048211,0.285394518112682,0.51120436205052,0.436013026170567,0.352606809612682,0.556888275651015,0.456925992315217,0.406719280112682,0.45123800684025,0.51189380740166,0.432439740562682,0.460683828766547,0.462680292097254,0.486703907862682,0.449926834261083,0.484247229477051,0.55331103136268,0.481189719480599,0.443513231368447,0.60745873281268,0.50759147140609,0.55697892961223,0.63437930961268,0.461907557805593,0.53606596346758,0.68849178011268,0.484490717156056,0.550746542258005,0.75505616566268,0.534305116325555,0.442245413568092,0.473283665662682,0.567239570977585,0.480966313644981,0.52751838286268,0.55568319902306,0.459958444368588,0.59389592726268,0.460368669991265,0.458756434786014,0.67432670166268,0.50523476430055,0.435685357866872,0.72816913766268,0.56755782661636,0.481098148381137,0.71421224056268,0.496379271543556,0.510144939627422,0.82507923612754,0.522878439423139,0.48372597316558,0.825205694398485,135.0,6.5,1.8610788
0.568868999220525,0.508744726349045,0.271538531362682,0.53760611397601,0.54947872441435,0.325686232812682,0.451556262479026,0.512025642137815,0.245745882862682,0.463112634433546,0.53303351141421,0.312123427262682,0.45119144913433,0.483972922989521,0.366367270562681,0.558427163465345,0.53423552099678,0.392554201662682,0.51356106915606,0.557306597915925,0.446396637662682,0.536742247000605,0.550662678121965,0.51365212766268,0.484411461153391,0.551975359734585,0.56716701811268,0.56760438434728,0.509019032836575,0.64813977056268,0.55811200469006,0.53031166368554,0.76847640786268,0.482053586481003,0.44232927770413,0.231879627662682,0.53438437230322,0.441016596048211,0.285394518112682,0.51120436205052,0.436013026170567,0.352606809612682,0.556888275651015,0.456925992315217,0.406719280112682,0.45123800684025,0.51189380740166,0.432439740562682,0.460683828766547,0.462680292097254,0.486703907862682,0.449926834261083,0.484247229477051,0.55331103136268,0.481189719480599,0.443513231368447,0.60745873281268,0.50759147140609,0.55697892961223,0.63437930961268,0.461907557805593,0.53606596346758,0.68849178011268,0.484490717156056,0.550746542258005,0.75505616566268,0.534305116325555,0.442245413568092,0.473283665662682,0.567239570977585,0.480966313644981,0.52751838286268,0.55568319902306,0.459958444368588,0.59389592726268,0.460368669991265,0.458756434786014,0.67432670166268,0.50523476430055,0.435685357866872,0.72816913766268,0.56755782661636,0.481098148381137,0.71421224056268,0.49636302021471,0.510090442553019,0.850788866726948,0.522862188094292,0.483671476091178,0.850915324997893,135.0,7.0,0.9188214
0.568868999220526,0.508744726349046,0.271538531362681,0.53760611397601,0.549478724414348,0.325686232812681,0.451556262479025,0.512025642137814,0.245745882862681,0.463112634433546,0.533033511414208,0.312123427262681,0.451191449134329,0.483972922989521,0.366367270562681,0.558427163465344,0.534235520996781,0.392554201662682,0.513561069156059,0.557306597915924,0.446396637662682,0.536742247000605,0.550662678121967,0.513652127662681,0.484411461153391,0.551975359734584,0.567167018112682,0.567604384347279,0.509019032836575,0.648139770562682,0.558112004690062,0.530311663685541,0.768476407862681,0.482053586481003,0.44232927770413,0.231879627662681,0.534384372303218,0.441016596048211,0.285394518112681,0.511204362050518,0.436013026170567,0.352606809612681,0.556888275651017,0.456925992315217,0.406719280112681,0.451238006840249,0.511893807401658,0.432439740562682,0.460683828766547,0.462680292097254,0.486703907862681,0.449926834261083,0.484247229477051,0.553311031362682,0.481189719480599,0.443513231368447,0.607458732812682,0.50759147140609,0.556978929612228,0.634379309612681,0.461907557805592,0.536065963467578,0.688491780112681,0.484490717156055,0.550746542258004,0.755056165662681,0.534305116325553,0.442245413568092,0.473283665662681,0.567239570977583,0.480966313644981,0.527518382862682,0.555683199023062,0.459958444368587,0.593895927262681,0.460368669991265,0.458756434786014,0.674326701662681,0.505234764300549,0.435685357866871,0.728169137662681,0.567557826616359,0.481098148381137,0.714212240562682,-0.503726944900697,0.509951724057206,0.500542298115182,-0.47735946234863,0.483401072267853,0.500492979323133,135.0,0.0,11.6253844
0.568868999220525,0.508744726349045,0.271538531362682,0.53760611397601,0.54947872441435,0.325686232812682,0.451556262479026,0.512025642137815,0.245745882862682,0.463112634433546,0.53303351141421,0.312123427262682,0.45119144913433,0.483972922989521,0.366367270562681,0.558427163465345,0.53423552099678,0.392554201662682,0.51356106915606,0.557306597915925,0.446396637662682,0.536742247000605,0.550662678121965,0.51365212766268,0.484411461153391,0.551975359734585,0.56716701811268,0.56760438434728,0.509019032836575,0.64813977056268,0.55811200469006,0.53031166368554,0.76847640786268,0.482053586481003,0.44232927770413,0.231879627662682,0.53438437230322,0.441016596048211,0.285394518112682,0.51120436205052,0.436013026170567,0.352606809612682,0.556888275651015,0.456925992315217,0.406719280112682,0.45123800684025,0.51189380740166,0.432439740562682,0.460683828766547,0.462680292097254,0.486703907862682,0.449926834261083,0.484247229477051,0.55331103136268,0.481189719480599,0.443513231368447,0.60745873281268,0.50759147140609,0.55697892961223,0.63437930961268,0.461907557805593,0.53606596346758,0.68849178011268,0.484490717156056,0.550746542258005,0.75505616566268,0.534305116325555,0.442245413568092,0.473283665662682,0.567239570977585,0.480966313644981,0.52751838286268,0.55568319902306,0.459958444368588,0.59389592726268,0.460368669991265,0.458756434786014,0.67432670166268,0.50523476430055,0.435685357866872,0.72816913766268,0.56755782661636,0.481098148381137,0.71421224056268,0.496054014511405,0.509950961947469,0.473990235727459,0.522553094975628,0.48353231376763,0.474183734608424,135.0,0.5,12.1804704
0.568868999220525,0.508744726349045,0.271538531362682,0.53760611397601,0.54947872441435,0.325686232812682,0.451556262479026,0.512025642137815,0.245745882862682,0.463112634433546,0.53303351141421,0.312123427262682,0.45119144913433,0.483972922989521,0.366367270562681,0.558427163465345,0.53423552099678,0.392554201662682,0.51356106915606,0.557306597915925,0.446396637662682,0.536742247000605,0.550662678121965,0.51365212766268,0.484411461153391,0.551975359734585,0.56716701811268,0.56760438434728,0.509019032836575,0.64813977056268,0.55811200469006,0.53031166368554,0.76847640786268,0.482053586481003,0.44232927770413,0.231879627662682,0.53438437230322,0.441016596048211,0.285394518112682,0.51120436205052,0.436013026170567,0.352606809612682,0.556888275651015,0.456925992315217,0.406719280112682,0.45123800684025,0.51189380740166,0.432439740562682,0.460683828766547,0.462680292097254,0.486703907862682,0.449926834261083,0.484247229477051,0.55331103136268,0.481189719480599,0.443513231368447,0.60745873281268,0.50759147140609,0.55697892961223,0.63437930961268,0.461907557805593,0.53606596346758,0.68849178011268,0.484490717156056,0.550746542258005,0.75505616566268,0.534305116325555,0.442245413568092,0.473283665662682,0.567239570977585,0.480966313644981,0.52751838286268,0.55568319902306,0.459958444368588,0.59389592726268,0.460368669991265,0.458756434786014,0.67432670166268,0.50523476430055,0.435685357866872,0.72816913766268,0.56755782661636,0.481098148381137,0.71421224056268,0.495964304082747,0.510018679897063,0.449251906510541,0.522463487788542,0.483599597070906,0.44934679838422,135.0,1.0,11.8428184
0.568868999220525,0.508744726349045,0.271538531362682,0.53760611397601,0.54947872441435,0.325686232812682,0.451556262479026,0.512025642137815,0.245745882862682,0.463112634433546,0.53303351141421,0.312123427262682,0.45119144913433,0.483972922989521,0.366367270562681,0.558427163465345,0.53423552099678,0.392554201662682,0.51356106915606,0.557306597915925,0.446396637662682,0.536742247000605,0.550662678121965,0.51365212766268,0.484411461153391,0.551975359734585,0.56716701811268,0.56760438434728,0.509019032836575,0.64813977056268,0.55811200469006,0.53031166368554,0.76847640786268,0.482053586481003,0.44232927770413,0.231879627662682,0.53438437230322,0.441016596048211,0.285394518112682,0.51120436205052,0.436013026170567,0.352606809612682,0.556888275651015,0.456925992315217,0.406719280112682,0.45123800684025,0.51189380740166,0.432439740562682,0.460683828766547,0.462680292097254,0.486703907862682,0.449926834261083,0.484247229477051,0.55331103136268,0.481189719480599,0.443513231368447,0.60745873281268,0.50759147140609,0.55697892961223,0.63437930961268,0.461907557805593,0.53606596346758,0.68849178011268,0.484490717156056,0.550746542258005,0.75505616566268,0.534305116325555,0.442245413568092,0.473283665662682,0.567239570977585,0.480966313644981,0.52751838286268,0.55568319902306,0.459958444368588,0.59389592726268,0.460368669991265,0.458756434786014,0.67432670166268,0.50523476430055,0.435685357866872,0.72816913766268,0.56755782661636,0.481098148381137,0.71421224056268,0.495936000420754,0.51024299210494,0.424981817909162,0.522434151525533,0.48382386647945,0.425229745578959,135.0,1.5,12.0303932
0.568868999220525,0.508744726349045,0.271538531362682,0.53760611397601,0.54947872441435,0.325686232812682,0.451556262479026,0.512025642137815,0.245745882862682,0.463112634433546,0.53303351141421,0.312123427262682,0.45119144913433,0.483972922989521,0.366367270562681,0.558427163465345,0.53423552099678,0.392554201662682,0.51356106915606,0.557306597915925,0.446396637662682,0.536742247000605,0.550662678121965,0.51365212766268,0.484411461153391,0.551975359734585,0.56716701811268,0.56760438434728,0.509019032836575,0.64813977056268,0.55811200469006,0.53031166368554,0.76847640786268,0.482053586481003,0.44232927770413,0.231879627662682,0.53438437230322,0.441016596048211,0.285394518112682,0.51120436205052,0.436013026170567,0.352606809612682,0.556888275651015,0.456925992315217,0.406719280112682,0.45123800684025,0.51189380740166,0.432439740562682,0.460683828766547,0.462680292097254,0.486703907862682,0.449926834261083,0.484247229477051,0.55331103136268,0.481189719480599,0.443513231368447,0.60745873281268,0.50759147140609,0.55697892961223,0.63437930961268,0.461907557805593,0.53606596346758,0.68849178011268,0.484490717156056,0.550746542258005,0.75505616566268,0.534305116325555,0.442245413568092,0.473283665662682,0.567239570977585,0.480966313644981,0.52751838286268,0.55568319902306,0.459958444368588,0.59389592726268,0.460368669991265,0.458756434786014,0.67432670166268,0.50523476430055,0.435685357866872,0.72816913766268,0.56755782661636,0.481098148381137,0.71421224056268,0.49581323979307,0.509738996955767,0.398900766780556,0.522311931326595,0.483320500691485,0.399157829149999,135.0,2.0,11.5232642
0.568868999220525,0.508744726349045,0.271538531362682,0.53760611397601,0.54947872441435,0.325686232812682,0.451556262479026,0.512025642137815,0.245745882862682,0.463112634433546,0.53303351141421,0.312123427262682,0.45119144913433,0.483972922989521,0.366367270562681,0.558427163465345,0.53423552099678,0.392554201662682,0.51356106915606,0.557306597915925,0.446396637662682,0.536742247000605,0.550662678121965,0.51365212766268,0.484411461153391,0.551975359734585,0.56716701811268,0.56760438434728,0.509019032836575,0.64813977056268,0.55811200469006,0.53031166368554,0.76847640786268,0.482053586481003,0.44232927770413,0.231879627662682,0.53438437230322,0.441016596048211,0.285394518112682,0.51120436205052,0.436013026170567,0.352606809612682,0.556888275651015,0.456925992315217,0.406719280112682,0.45123800684025,0.51189380740166,0.432439740562682,0.460683828766547,0.462680292097254,0.486703907862682,0.449926834261083,0.484247229477051,0.55331103136268,0.481189719480599,0.443513231368447,0.60745873281268,0.50759147140609,0.55697892961223,0.63437930961268,0.461907557805593,0.53606596346758,0.68849178011268,0.484490717156056,0.550746542258005,0.75505616566268,0.534305116325555,0.442245413568092,0.473283665662682,0.567239570977585,0.480966313644981,0.52751838286268,0.55568319902306,0.459958444368588,0.59389592726268,0.460368669991265,0.458756434786014,0.67432670166268,0.50523476430055,0.435685357866872,0.72816913766268,0.56755782661636,0.481098148381137,0.71421224056268,0.495848478411161,0.509503172695648,0.37484421308893,0.522347491056138,0.483083748151165,0.374840405728067,135.0,2.5,10.6273146
0.568868999220525,0.508744726349045,0.271538531362682,0.53760611397601,0.54947872441435,0.325686232812682,0.451556262479026,0.512025642137815,0.245745882862682,0.463112634433546,0.53303351141421,0.312123427262682,0.45119144913433,0.483972922989521,0.366367270562681,0.558427163465345,0.53423552099678,0.392554201662682,0.51356106915606,0.557306597915925,0.446396637662682,0.536742247000605,0.550662678121965,0.51365212766268,0.484411461153391,0.551975359734585,0.56716701811268,0.56760438434728,0.509019032836575,0.64813977056268,0.55811200469006,0.53031166368554,0.76847640786268,0.482053586481003,0.44232927770413,0.231879627662682,0.53438437230322,0.441016596048211,0.285394518112682,0.51120436205052,0.436013026170567,0.352606809612682,0.556888275651015,0.456925992315217,0.406719280112682,0.45123800684025,0.51189380740166,0.432439740562682,0.460683828766547,0.462680292097254,0.486703907862682,0.449926834261083,0.484247229477051,0.55331103136268,0.481189719480599,0.443513231368447,0.60745873281268,0.50759147140609,0.55697892961223,0.63437930961268,0.461907557805593,0.53606596346758,0.68849178011268,0.484490717156056,0.550746542258005,0.75505616566268,0.534305116325555,0.442245413568092,0.473283665662682,0.567239570977585,0.480966313644981,0.52751838286268,0.55568319902306,0.459958444368588,0.59389592726268,0.460368669991265,0.458756434786014,0.67432670166268,0.50523476430055,0.435685357866872,0.72816913766268,0.56755782661636,0.481098148381137,0.71421224056268,0.495862383123735,0.509488004432325,0.347118149049577,0.522361272769906,0.483068990418884,0.347286152007658,135.0,3.0,10.8490452
0.568868999220525,0.508744726349045,0.271538531362682,0.53760611397601,0.54947872441435,0.325686232812682,0.451556262479026,0.512025642137815,0.245745882862682,0.463112634433546,0.53303351141421,0.312123427262682,0.45119144913433,0.483972922989521,0.366367270562681,0.558427163465345,0.53423552099678,0.392554201662682,0.51356106915606,0.557306597915925,0.446396637662682,0.536742247000605,0.550662678121965,0.51365212766268,0.484411461153391,0.551975359734585,0.56716701811268,0.56760438434728,0.509019032836575,0.64813977056268,0.55811200469006,0.53031166368554,0.76847640786268,0.482053586481003,0.44232927770413,0.231879627662682,0.53438437230322,0.441016596048211,0.285394518112682,0.51120436205052,0.436013026170567,0.352606809612682,0.556888275651015,0.456925992315217,0.406719280112682,0.45123800684025,0.51189380740166,0.432439740562682,0.460683828766547,0.462680292097254,0.486703907862682,0.449926834261083,0.484247229477051,0.55331103136268,0.481189719480599,0.443513231368447,0.60745873281268,0.50759147140609,0.55697892961223,0.63437930961268,0.461907557805593,0.53606596346758,0.68849178011268,0.484490717156056,0.550746542258005,0.75505616566268,0.534305116325555,0.442245413568092,0.473283665662682,0.567239570977585,0.480966313644981,0.52751838286268,0.55568319902306,0.459958444368588,0.59389592726268,0.460368669991265,0.458756434786014,0.67432670166268,0.50523476430055,0.435685357866872,0.72816913766268,0.56755782661636,0.481098148381137,0.71421224056268,0.49577743270757,0.50967068700545,0.324079467677087,0.522276477458565,0.483251908854523,0.32425965428363,135.0,3.5,12.3552856
0.568868999220525,0.508744726349045,0.271538531362682,0.53760611397601,0.54947872441435,0.325686232812682,0.451556262479026,0.512025642137815,0.245745882862682,0.463112634433546,0.53303351141421,0.312123427262682,0.45119144913433,0.483972922989521,0.366367270562681,0.558427163465345,0.53423552099678,0.392554201662682,0.51356106915606,0.557306597915925,0.446396637662682,0.536742247000605,0.550662678121965,0.51365212766268,0.484411461153391,0.551975359734585,0.56716701811268,0.56760438434728,0.509019032836575,0.64813977056268,0.55811200469006,0.53031166368554,0.76847640786268,0.482053586481003,0.44232927770413,0.231879627662682,0.53438437230322,0.441016596048211,0.285394518112682,0.51120436205052,0.436013026170567,0.352606809612682,0.556888275651015,0.456925992315217,0.406719280112682,0.45123800684025,0.51189380740166,0.432439740562682,0.460683828766547,0.462680292097254,0.486703907862682,0.449926834261083,0.484247229477051,0.55331103136268,0.481189719480599,0.443513231368447,0.60745873281268,0.50759147140609,0.55697892961223,0.63437930961268,0.461907557805593,0.53606596346758,0.68849178011268,0.484490717156056,0.550746542258005,0.75505616566268,0.534305116325555,0.442245413568092,0.473283665662682,0.567239570977585,0.480966313644981,0.52751838286268,0.55568319902306,0.459958444368588,0.59389592726268,0.460368669991265,0.458756434786014,0.67432670166268,0.50523476430055,0.435685357866872,0.72816913766268,0.56755782661636,0.481098148381137,0.71421224056268,0.495890022507943,0.509733106592816,0.29914790695557,0.522388468348078,0.483314723316874,0.299439578104325,135.0,4.0,12.872657
0.568868999220525,0.508744726349045,0.271538531362682,0.53760611397601,0.54947872441435,0.325686232812682,0.451556262479026,0.512025642137815,0.245745882862682,0.463112634433546,0.53303351141421,0.312123427262682,0.45119144913433,0.483972922989521,0.366367270562681,0.558427163465345,0.53423552099678,0.392554201662682,0.51356106915606,0.557306597915925,0.446396637662682,0.536742247000605,0.550662678121965,0.51365212766268,0.484411461153391,0.551975359734585,0.56716701811268,0.56760438434728,0.509019032836575,0.64813977056268,0.55811200469006,0.53031166368554,0.76847640786268,0.482053586481003,0.44232927770413,0.231879627662682,0.53438437230322,0.441016596048211,0.285394518112682,0.51120436205052,0.436013026170567,0.352606809612682,0.556888275651015,0.456925992315217,0.406719280112682,0.45123800684025,0.51189380740166,0.432439740562682,0.460683828766547,0.462680292097254,0.486703907862682,0.449926834261083,0.484247229477051,0.55331103136268,0.481189719480599,0.443513231368447,0.60745873281268,0.50759147140609,0.55697892961223,0.63437930961268,0.461907557805593,0.53606596346758,0.68849178011268,0.484490717156056,0.550746542258005,0.75505616566268,0.534305116325555,0.442245413568092,0.473283665662682,0.567239570977585,0.480966313644981,0.52751838286268,0.55568319902306,0.459958444368588,0.59389592726268,0.460368669991265,0.458756434786014,0.67432670166268,0.50523476430055,0.435685357866872,0.72816913766268,0.56755782661636,0.481098148381137,0.71421224056268,0.495924330474206,0.50966873764471,0.274831235560061,0.522423418356445,0.483250075692806,0.275021816243558,135.0,4.5,11.518577
0.568868999220525,0.508744726349045,0.271538531362682,0.53760611397601,0.54947872441435,0.325686232812682,0.451556262479026,0.512025642137815,0.245745882862682,0.463112634433546,0.53303351141421,0.312123427262682,0.45119144913433,0.483972922989521,0.366367270562681,0.558427163465345,0.53423552099678,0.392554201662682,0.51356106915606,0.557306597915925,0.446396637662682,0.536742247000605,0.550662678121965,0.51365212766268,0.484411461153391,0.551975359734585,0.56716701811268,0.56760438434728,0.509019032836575,0.64813977056268,0.55811200469006,0.53031166368554,0.76847640786268,0.482053586481003,0.44232927770413,0.231879627662682,0.53438437230322,0.441016596048211,0.285394518112682,0.51120436205052,0.436013026170567,0.352606809612682,0.556888275651015,0.456925992315217,0.406719280112682,0.45123800684025,0.51189380740166,0.432439740562682,0.460683828766547,0.462680292097254,0.486703907862682,0.449926834261083,0.484247229477051,0.55331103136268,0.481189719480599,0.443513231368447,0.60745873281268,0.50759147140609,0.55697892961223,0.63437930961268,0.461907557805593,0.53606596346758,0.68849178011268,0.484490717156056,0.550746542258005,0.75505616566268,0.534305116325555,0.442245413568092,0.473283665662682,0.567239570977585,0.480966313644981,0.52751838286268,0.55568319902306,0.459958444368588,0.59389592726268,0.460368669991265,0.458756434786014,0.67432670166268,0.50523476430055,0.435685357866872,0.72816913766268,0.56755782661636,0.481098148381137,0.71421224056268,0.495857317519878,0.509763625711002,0.246770740391218,0.522355885754363,0.483344298653424,0.246940205028689,135.0,5.0,9.1822248
0.568868999220525,0.508744726349045,0.271538531362682,0.53760611397601,0.54947872441435,0.325686232812682,0.451556262479026,0.512025642137815,0.245745882862682,0.463112634433546,0.53303351141421,0.312123427262682,0.45119144913433,0.483972922989521,0.366367270562681,0.558427163465345,0.53423552099678,0.392554201662682,0.51356106915606,0.557306597915925,0.446396637662682,0.536742247000605,0.550662678121965,0.51365212766268,0.484411461153391,0.551975359734585,0.56716701811268,0.56760438434728,0.509019032836575,0.64813977056268,0.55811200469006,0.53031166368554,0.76847640786268,0.482053586481003,0.44232927770413,0.231879627662682,0.53438437230322,0.441016596048211,0.285394518112682,0.51120436205052,0.436013026170567,0.352606809612682,0.556888275651015,0.456925992315217,0.406719280112682,0.45123800684025,0.51189380740166,0.432439740562682,0.460683828766547,0.462680292097254,0.486703907862682,0.449926834261083,0.484247229477051,0.55331103136268,0.481189719480599,0.443513231368447,0.60745873281268,0.50759147140609,0.55697892961223,0.63437930961268,0.461907557805593,0.53606596346758,0.68849178011268,0.484490717156056,0.550746542258005,0.75505616566268,0.534305116325555,0.442245413568092,0.473283665662682,0.567239570977585,0.480966313644981,0.52751838286268,0.55568319902306,0.459958444368588,0.59389592726268,0.460368669991265,0.458756434786014,0.67432670166268,0.50523476430055,0.435685357866872,0.72816913766268,0.56755782661636,0.481098148381137,0.71421224056268,0.495858397642472,0.509559788217543,0.224714443995403,0.522357515672991,0.483140488741165,0.224746657316142,135.0,5.5,5.6245966
0.568868999220525,0.508744726349045,0.271538531362682,0.53760611397601,0.54947872441435,0.325686232812682,0.451556262479026,0.512025642137815,0.245745882862682,0.463112634433546,0.53303351141421,0.312123427262682,0.45119144913433,0.483972922989521,0.366367270562681,0.558427163465345,0.53423552099678,0.392554201662682,0.51356106915606,0.557306597915925,0.446396637662682,0.536742247000605,0.550662678121965,0.51365212766268,0.484411461153391,0.551975359734585,0.56716701811268,0.56760438434728,0.509019032836575,0.64813977056268,0.55811200469006,0.53031166368554,0.76847640786268,0.482053586481003,0.44232927770413,0.231879627662682,0.53438437230322,0.441016596048211,0.285394518112682,0.51120436205052,0.436013026170567,0.352606809612682,0.556888275651015,0.456925992315217,0.406719280112682,0.45123800684025,0.51189380740166,0.432439740562682,0.460683828766547,0.462680292097254,0.486703907862682,0.449926834261083,0.484247229477051,0.55331103136268,0.481189719480599,0.443513231368447,0.60745873281268,0.50759147140609,0.55697892961223,0.63437930961268,0.461907557805593,0.53606596346758,0.68849178011268,0.484490717156056,0.550746542258005,0.75505616566268,0.534305116325555,0.442245413568092,0.473283665662682,0.567239570977585,0.480966313644981,0.52751838286268,0.55568319902306,0.459958444368588,0.59389592726268,0.460368669991265,0.458756434786014,0.67432670166268,0.50523476430055,0.435685357866872,0.72816913766268,0.56755782661636,0.481098148381137,0.71421224056268,0.49589296121836,0.509619962991972,0.199419377395624,0.522390743451003,0.483201146214415,0.199731364159991,135.0,6.0,2.308663
0.568868999220525,0.508744726349045,0.271538531362682,0.53760611397601,0.54947872441435,0.325686232812682,0.451556262479026,0.512025642137815,0.245745882862682,0.463112634433546,0.53303351141421,0.312123427262682,0.45119144913433,0.483972922989521,0.366367270562681,0.558427163465345,0.53423552099678,0.392554201662682,0.51356106915606,0.557306597915925,0.446396637662682,0.536742247000605,0.550662678121965,0.51365212766268,0.484411461153391,0.551975359734585,0.56716701811268,0.56760438434728,0.509019032836575,0.64813977056268,0.55811200469006,0.53031166368554,0.76847640786268,0.482053586481003,0.44232927770413,0.231879627662682,0.53438437230322,0.441016596048211,0.285394518112682,0.51120436205052,0.436013026170567,0.352606809612682,0.556888275651015,0.456925992315217,0.406719280112682,0.45123800684025,0.51189380740166,0.432439740562682,0.460683828766547,0.462680292097254,0.486703907862682,0.449926834261083,0.484247229477051,0.55331103136268,0.481189719480599,0.443513231368447,0.60745873281268,0.50759147140609,0.55697892961223,0.63437930961268,0.461907557805593,0.53606596346758,0.68849178011268,0.484490717156056,0.550746542258005,0.75505616566268,0.534305116325555,0.442245413568092,0.473283665662682,0.567239570977585,0.480966313644981,0.52751838286268,0.55568319902306,0.459958444368588,0.59389592726268,0.460368669991265,0.458756434786014,0.67432670166268,0.50523476430055,0.435685357866872,0.72816913766268,0.56755782661636,0.481098148381137,0.71421224056268,0.495895846922992,0.509636105014957,0.174207307883172,0.522394503897719,0.483216954227225,0.174389870493571,135.0,6.5,1.8392486
0.568868999220525,0.508744726349045,0.271538531362682,0.53760611397601,0.54947872441435,0.325686232812682,0.451556262479026,0.512025642137815,0.245745882862682,0.463112634433546,0.53303351141421,0.312123427262682,0.45119144913433,0.483972922989521,0.366367270562681,0.558427163465345,0.53423552099678,0.392554201662682,0.51356106915606,0.557306597915925,0.446396637662682,0.536742247000605,0.550662678121965,0.51365212766268,0.484411461153391,0.551975359734585,0.56716701811268,0.56760438434728,0.509019032836575,0.64813977056268,0.55811200469006,0.53031166368554,0.76847640786268,0.482053586481003,0.44232927770413,0.231879627662682,0.53438437230322,0.441016596048211,0.285394518112682,0.51120436205052,0.436013026170567,0.352606809612682,0.556888275651015,0.456925992315217,0.406719280112682,0.45123800684025,0.51189380740166,0.432439740562682,0.460683828766547,0.462680292097254,0.486703907862682,0.449926834261083,0.484247229477051,0.55331103136268,0.481189719480599,0.443513231368447,0.60745873281268,0.50759147140609,0.55697892961223,0.63437930961268,0.461907557805593,0.53606596346758,0.68849178011268,0.484490717156056,0.550746542258005,0.75505616566268,0.534305116325555,0.442245413568092,0.473283665662682,0.567239570977585,0.480966313644981,0.52751838286268,0.55568319902306,0.459958444368588,0.59389592726268,0.460368669991265,0.458756434786014,0.67432670166268,0.50523476430055,0.435685357866872,0.72816913766268,0.56755782661636,0.481098148381137,0.71421224056268,0.495901810339826,0.509776858397666,0.150093026102412,0.522400762673709,0.483357396579525,0.150057793127908,135.0,7.0,0.888615
0.568868999220525,0.508744726349045,0.271538531362682,0.53760611397601,0.54947872441435,0.325686232812682,0.451556262479026,0.512025642137815,0.245745882862682,0.463112634433546,0.53303351141421,0.312123427262682,0.45119144913433,0.483972922989521,0.366367270562681,0.558427163465345,0.53423552099678,0.392554201662682,0.51356106915606,0.557306597915925,0.446396637662682,0.536742247000605,0.550662678121965,0.51365212766268,0.484411461153391,0.551975359734585,0.56716701811268,0.56760438434728,0.509019032836575,0.64813977056268,0.55811200469006,0.53031166368554,0.76847640786268,0.482053586481003,0.44232927770413,0.231879627662682,0.53438437230322,0.441016596048211,0.285394518112682,0.51120436205052,0.436013026170567,0.352606809612682,0.556888275651015,0.456925992315217,0.406719280112682,0.45123800684025,0.51189380740166,0.432439740562682,0.460683828766547,0.462680292097254,0.486703907862682,0.449926834261083,0.484247229477051,0.55331103136268,0.481189719480599,0.443513231368447,0.60745873281268,0.50759147140609,0.55697892961223,0.63437930961268,0.461907557805593,0.53606596346758,0.68849178011268,0.484490717156056,0.550746542258005,0.75505616566268,0.534305116325555,0.442245413568092,0.473283665662682,0.567239570977585,0.480966313644981,0.52751838286268,0.55568319902306,0.459958444368588,0.59389592726268,0.460368669991265,0.458756434786014,0.67432670166268,0.50523476430055,0.435685357866872,0.72816913766268,0.56755782661636,0.481098148381137,0.71421224056268,0.463265861065836,0.442328295153771,0.18183309805633,0.500684818079068,0.442304436130607,0.181902132141756,0.0,1.0,1.4383628
0.568868999220525,0.508744726349045,0.271538531362682,0.53760611397601,0.54947872441435,0.325686232812682,0.451556262479026,0.512025642137815,0.245745882862682,0.463112634433546,0.53303351141421,0.312123427262682,0.45119144913433,0.483972922989521,0.366367270562681,0.558427163465345,0.53423552099678,0.392554201662682,0.51356106915606,0.557306597915925,0.446396637662682,0.536742247000605,0.550662678121965,0.51365212766268,0.484411461153391,0.551975359734585,0.56716701811268,0.56760438434728,0.509019032836575,0.64813977056268,0.55811200469006,0.53031166368554,0.76847640786268,0.482053586481003,0.44232927770413,0.231879627662682,0.53438437230322,0.441016596048211,0.285394518112682,0.51120436205052,0.436013026170567,0.352606809612682,0.556888275651015,0.456925992315217,0.406719280112682,0.45123800684025,0.51189380740166,0.432439740562682,0.460683828766547,0.462680292097254,0.486703907862682,0.449926834261083,0.484247229477051,0.55331103136268,0.481189719480599,0.443513231368447,0.60745873281268,0.50759147140609,0.55697892961223,0.63437930961268,0.461907557805593,0.53606596346758,0.68849178011268,0.484490717156056,0.550746542258005,0.75505616566268,0.534305116325555,0.442245413568092,0.473283665662682,0.567239570977585,0.480966313644981,0.52751838286268,0.55568319902306,0.459958444368588,0.59389592726268,0.460368669991265,0.458756434786014,0.67432670166268,0.50523476430055,0.435685357866872,0.72816913766268,0.56755782661636,0.481098148381137,0.71421224056268,0.46327188769558,0.442147378504036,0.156653562172102,0.50069084470881,0.442123519480872,0.156722596257528,0.0,1.5,1.1961474
0.568868999220525,0.508744726349045,0.271538531362682,0.53760611397601,0.54947872441435,0.325686232812682,0.451556262479026,0.512025642137815,0.245745882862682,0.463112634433546,0.53303351141421,0.312123427262682,0.45119144913433,0.483972922989521,0.366367270562681,0.558427163465345,0.53423552099678,0.392554201662682,0.51356106915606,0.557306597915925,0.446396637662682,0.536742247000605,0.550662678121965,0.51365212766268,0.484411461153391,0.551975359734585,0.56716701811268,0.56760438434728,0.509019032836575,0.64813977056268,0.55811200469006,0.53031166368554,0.76847640786268,0.482053586481003,0.44232927770413,0.231879627662682,0.53438437230322,0.441016596048211,0.285394518112682,0.51120436205052,0.436013026170567,0.352606809612682,0.556888275651015,0.456925992315217,0.406719280112682,0.45123800684025,0.51189380740166,0.432439740562682,0.460683828766547,0.462680292097254,0.486703907862682,0.449926834261083,0.484247229477051,0.55331103136268,0.481189719480599,0.443513231368447,0.60745873281268,0.50759147140609,0.55697892961223,0.63437930961268,0.461907557805593,0.53606596346758,0.68849178011268,0.484490717156056,0.550746542258005,0.75505616566268,0.534305116325555,0.442245413568092,0.473283665662682,0.567239570977585,0.480966313644981,0.52751838286268,0.55568319902306,0.459958444368588,0.59389592726268,0.460368669991265,0.458756434786014,0.67432670166268,0.50523476430055,0.435685357866872,0.72816913766268,0.56755782661636,0.481098148381137,0.71421224056268,0.463245774952856,0.442303481639105,0.131077648614369,0.500664731966086,0.442279622615941,0.131146682699795,0.0,2.0,0.491505
0.568868999220525,0.508744726349045,0.271538531362682,0.53760611397601,0.54947872441435,0.325686232812682,0.451556262479026,0.512025642137815,0.245745882862682,0.463112634433546,0.53303351141421,0.312123427262682,0.45119144913433,0.483972922989521,0.366367270562681,0.558427163465345,0.53423552099678,0.392554201662682,0.51356106915606,0.557306597915925,0.446396637662682,0.536742247000605,0.550662678121965,0.51365212766268,0.484411461153391,0.551975359734585,0.56716701811268,0.56760438434728,0.509019032836575,0.64813977056268,0.55811200469006,0.53031166368554,0.76847640786268,0.482053586481003,0.44232927770413,0.231879627662682,0.53438437230322,0.441016596048211,0.285394518112682,0.51120436205052,0.436013026170567,0.352606809612682,0.556888275651015,0.456925992315217,0.406719280112682,0.45123800684025,0.51189380740166,0.432439740562682,0.460683828766547,0.462680292097254,0.486703907862682,0.449926834261083,0.484247229477051,0.55331103136268,0.481189719480599,0.443513231368447,0.60745873281268,0.50759147140609,0.55697892961223,0.63437930961268,0.461907557805593,0.53606596346758,0.68849178011268,0.484490717156056,0.550746542258005,0.75505616566268,0.534305116325555,0.442245413568092,0.473283665662682,0.567239570977585,0.480966313644981,0.52751838286268,0.55568319902306,0.459958444368588,0.59389592726268,0.460368669991265,0.458756434786014,0.67432670166268,0.50523476430055,0.435685357866872,0.72816913766268,0.56755782661636,0.481098148381137,0.71421224056268,0.463288435857062,0.442485000348647,0.106492766107525,0.500707392870291,0.442461141325483,0.106561800192951,0.0,2.5,0.1947358
0.568868999220525,0.508744726349045,0.271538531362682,0.53760611397601,0.54947872441435,0.325686232812682,0.451556262479026,0.512025642137815,0.245745882862682,0.463112634433546,0.53303351141421,0.312123427262682,0.45119144913433,0.483972922989521,0.366367270562681,0.558427163465345,0.53423552099678,0.392554201662682,0.51356106915606,0.557306597915925,0.446396637662682,0.536742247000605,0.550662678121965,0.51365212766268,0.484411461153391,0.551975359734585,0.56716701811268,0.56760438434728,0.509019032836575,0.64813977056268,0.55811200469006,0.53031166368554,0.76847640786268,0.482053586481003,0.44232927770413,0.231879627662682,0.53438437230322,0.441016596048211,0.285394518112682,0.51120436205052,0.436013026170567,0.352606809612682,0.556888275651015,0.456925992315217,0.406719280112682,0.45123800684025,0.51189380740166,0.432439740562682,0.460683828766547,0.462680292097254,0.486703907862682,0.449926834261083,0.484247229477051,0.55331103136268,0.481189719480599,0.443513231368447,0.60745873281268,0.50759147140609,0.55697892961223,0.63437930961268,0.461907557805593,0.53606596346758,0.68849178011268,0.484490717156056,0.550746542258005,0.75505616566268,0.534305116325555,0.442245413568092,0.473283665662682,0.567239570977585,0.480966313644981,0.52751838286268,0.55568319902306,0.459958444368588,0.59389592726268,0.460368669991265,0.458756434786014,0.67432670166268,0.50523476430055,0.435685357866872,0.72816913766268,0.56755782661636,0.481098148381137,0.71421224056268,0.463318994953479,0.442499746690597,0.0813906836485478,0.500737951966708,0.442475887667433,0.0814597177339738,0.0,3.0,0.125643
0.568868999220525,0.508744726349045,0.271538531362682,0.53760611397601,0.54947872441435,0.325686232812682,0.451556262479026,0.512025642137815,0.245745882862682,0.463112634433546,0.53303351141421,0.312123427262682,0.45119144913433,0.483972922989521,0.366367270562681,0.558427163465345,0.53423552099678,0.392554201662682,0.51356106915606,0.557306597915925,0.446396637662682,0.536742247000605,0.550662678121965,0.51365212766268,0.484411461153391,0.551975359734585,0.56716701811268,0.56760438434728,0.509019032836575,0.64813977056268,0.55811200469006,0.53031166368554,0.76847640786268,0.482053586481003,0.44232927770413,0.231879627662682,0.53438437230322,0.441016596048211,0.285394518112682,0.51120436205052,0.436013026170567,0.352606809612682,0.556888275651015,0.456925992315217,0.406719280112682,0.45123800684025,0.51189380740166,0.432439740562682,0.460683828766547,0.462680292097254,0.486703907862682,0.449926834261083,0.484247229477051,0.55331103136268,0.481189719480599,0.443513231368447,0.60745873281268,0.50759147140609,0.55697892961223,0.63437930961268,0.461907557805593,0.53606596346758,0.68849178011268,0.484490717156056,0.550746542258005,0.75505616566268,0.534305116325555,0.442245413568092,0.473283665662682,0.567239570977585,0.480966313644981,0.52751838286268,0.55568319902306,0.459958444368588,0.59389592726268,0.460368669991265,0.458756434786014,0.67432670166268,0.50523476430055,0.435685357866872,0.72816913766268,0.56755782661636,0.481098148381137,0.71421224056268,0.468754217033904,0.45555438780125,0.181816547830436,0.495196462111,0.429078343483128,0.18191868236765,45.0,1.0,1.8435452
0.568868999220525,0.508744726349045,0.271538531362682,0.53760611397601,0.54947872441435,0.325686232812682,0.451556262479026,0.512025642137815,0.245745882862682,0.463112634433546,0.53303351141421,0.312123427262682,0.45119144913433,0.483972922989521,0.366367270562681,0.558427163465345,0.53423552099678,0.392554201662682,0.51356106915606,0.557306597915925,0.446396637662682,0.536742247000605,0.550662678121965,0.51365212766268,0.484411461153391,0.551975359734585,0.56716701811268,0.56760438434728,0.509019032836575,0.64813977056268,0.55811200469006,0.53031166368554,0.76847640786268,0.482053586481003,0.44232927770413,0.231879627662682,0.53438437230322,0.441016596048211,0.285394518112682,0.51120436205052,0.436013026170567,0.352606809612682,0.556888275651015,0.456925992315217,0.406719280112682,0.45123800684025,0.51189380740166,0.432439740562682,0.460683828766547,0.462680292097254,0.486703907862682,0.449926834261083,0.484247229477051,0.55331103136268,0.481189719480599,0.443513231368447,0.60745873281268,0.50759147140609,0.55697892961223,0.63437930961268,0.461907557805593,0.53606596346758,0.68849178011268,0.484490717156056,0.550746542258005,0.75505616566268,0.534305116325555,0.442245413568092,0.473283665662682,0.567239570977585,0.480966313644981,0.52751838286268,0.55568319902306,0.459958444368588,0.59389592726268,0.460368669991265,0.458756434786014,0.67432670166268,0.50523476430055,0.435685357866872,0.72816913766268,0.56755782661636,0.481098148381137,0.71421224056268,0.46876019263498,0.455372680823773,0.156539140709138,0.49520253976941,0.428898217161135,0.156837017720492,45.0,1.5,1.2592076
0.568868999220525,0.508744726349045,0.271538531362682,0.53760611397601,0.54947872441435,0.325686232812682,0.451556262479026,0.512025642137815,0.245745882862682,0.463112634433546,0.53303351141421,0.312123427262682,0.45119144913433,0.483972922989521,0.366367270562681,0.558427163465345,0.53423552099678,0.392554201662682,0.51356106915606,0.557306597915925,0.446396637662682,0.536742247000605,0.550662678121965,0.51365212766268,0.484411461153391,0.551975359734585,0.56716701811268,0.56760438434728,0.509019032836575,0.64813977056268,0.55811200469006,0.53031166368554,0.76847640786268,0.482053586481003,0.44232927770413,0.231879627662682,0.53438437230322,0.441016596048211,0.285394518112682,0.51120436205052,0.436013026170567,0.352606809612682,0.556888275651015,0.456925992315217,0.406719280112682,0.45123800684025,0.51189380740166,0.432439740562682,0.460683828766547,0.462680292097254,0.486703907862682,0.449926834261083,0.484247229477051,0.55331103136268,0.481189719480599,0.443513231368447,0.60745873281268,0.50759147140609,0.55697892961223,0.63437930961268,0.461907557805593,0.53606596346758,0.68849178011268,0.484490717156056,0.550746542258005,0.75505616566268,0.534305116325555,0.442245413568092,0.473283665662682,0.567239570977585,0.480966313644981,0.52751838286268,0.55568319902306,0.459958444368588,0.59389592726268,0.460368669991265,0.458756434786014,0.67432670166268,0.50523476430055,0.435685357866872,0.72816913766268,0.56755782661636,0.481098148381137,0.71421224056268,0.468733934700994,0.455529406981101,0.131155164393252,0.495176572217948,0.429053697273945,0.131069166920912,45.0,2.0,0.4973206
0.568868999220525,0.508744726349045,0.271538531362682,0.53760611397601,0.54947872441435,0.325686232812682,0.451556262479026,0.512025642137815,0.245745882862682,0.463112634433546,0.53303351141421,0.312123427262682,0.45119144913433,0.483972922989521,0.366367270562681,0.558427163465345,0.53423552099678,0.392554201662682,0.51356106915606,0.557306597915925,0.446396637662682,0.536742247000605,0.550662678121965,0.51365212766268,0.484411461153391,0.551975359734585,0.56716701811268,0.56760438434728,0.509019032836575,0.64813977056268,0.55811200469006,0.53031166368554,0.76847640786268,0.482053586481003,0.44232927770413,0.231879627662682,0.53438437230322,0.441016596048211,0.285394518112682,0.51120436205052,0.436013026170567,0.352606809612682,0.556888275651015,0.456925992315217,0.406719280112682,0.45123800684025,0.51189380740166,0.432439740562682,0.460683828766547,0.462680292097254,0.486703907862682,0.449926834261083,0.484247229477051,0.55331103136268,0.481189719480599,0.443513231368447,0.60745873281268,0.50759147140609,0.55697892961223,0.63437930961268,0.461907557805593,0.53606596346758,0.68849178011268,0.484490717156056,0.550746542258005,0.75505616566268,0.534305116325555,0.442245413568092,0.473283665662682,0.567239570977585,0.480966313644981,0.52751838286268,0.55568319902306,0.459958444368588,0.59389592726268,0.460368669991265,0.458756434786014,0.67432670166268,0.50523476430055,0.435685357866872,0.72816913766268,0.56755782661636,0.481098148381137,0.71421224056268,0.46877665250165,0.455711006457502,0.106492426101778,0.495219176225703,0.429235135216628,0.106562140198698,45.0,2.5,0.1932602
0.568868999220525,0.508744726349045,0.271538531362682,0.53760611397601,0.54947872441435,0.325686232812682,0.451556262479026,0.512025642137815,0.245745882862682,0.463112634433546,0.53303351141421,0.312123427262682,0.45119144913433,0.483972922989521,0.366367270562681,0.558427163465345,0.53423552099678,0.392554201662682,0.51356106915606,0.557306597915925,0.446396637662682,0.536742247000605,0.550662678121965,0.51365212766268,0.484411461153391,0.551975359734585,0.56716701811268,0.56760438434728,0.509019032836575,0.64813977056268,0.55811200469006,0.53031166368554,0.76847640786268,0.482053586481003,0.44232927770413,0.231879627662682,0.53438437230322,0.441016596048211,0.285394518112682,0.51120436205052,0.436013026170567,0.352606809612682,0.556888275651015,0.456925992315217,0.406719280112682,0.45123800684025,0.51189380740166,0.432439740562682,0.460683828766547,0.462680292097254,0.486703907862682,0.449926834261083,0.484247229477051,0.55331103136268,0.481189719480599,0.443513231368447,0.60745873281268,0.50759147140609,0.55697892961223,0.63437930961268,0.461907557805593,0.53606596346758,0.68849178011268,0.484490717156056,0.550746542258005,0.75505616566268,0.534305116325555,0.442245413568092,0.473283665662682,0.567239570977585,0.480966313644981,0.52751838286268,0.55568319902306,0.459958444368588,0.59389592726268,0.460368669991265,0.458756434786014,0.67432670166268,0.50523476430055,0.435685357866872,0.72816913766268,0.56755782661636,0.481098148381137,0.71421224056268,0.468807342073304,0.455725850330885,0.0813795624155692,0.495249604846883,0.429249784027145,0.0814708389669525,45.0,3.0,0.1246014
0.568868999220525,0.508744726349045,0.271538531362682,0.53760611397601,0.54947872441435,0.325686232812682,0.451556262479026,0.512025642137815,0.245745882862682,0.463112634433546,0.53303351141421,0.312123427262682,0.45119144913433,0.483972922989521,0.366367270562681,0.558427163465345,0.53423552099678,0.392554201662682,0.51356106915606,0.557306597915925,0.446396637662682,0.536742247000605,0.550662678121965,0.51365212766268,0.484411461153391,0.551975359734585,0.56716701811268,0.56760438434728,0.509019032836575,0.64813977056268,0.55811200469006,0.53031166368554,0.76847640786268,0.482053586481003,0.44232927770413,0.231879627662682,0.53438437230322,0.441016596048211,0.285394518112682,0.51120436205052,0.436013026170567,0.352606809612682,0.556888275651015,0.456925992315217,0.406719280112682,0.45123800684025,0.51189380740166,0.432439740562682,0.460683828766547,0.462680292097254,0.486703907862682,0.449926834261083,0.484247229477051,0.55331103136268,0.481189719480599,0.443513231368447,0.60745873281268,0.50759147140609,0.55697892961223,0.63437930961268,0.461907557805593,0.53606596346758,0.68849178011268,0.484490717156056,0.550746542258005,0.75505616566268,0.534305116325555,0.442245413568092,0.473283665662682,0.567239570977585,0.480966313644981,0.52751838286268,0.55568319902306,0.459958444368588,0.59389592726268,0.460368669991265,0.458756434786014,0.67432670166268,0.50523476430055,0.435685357866872,0.72816913766268,0.56755782661636,0.481098148381137,0.71421224056268,0.481986909890893,0.461025779330483,0.181807404659421,0.481963769254011,0.423606951953895,0.181927825538665,90.0,1.0,1.2637212
0.568868999220525,0.508744726349045,0.271538531362682,0.53760611397601,0.54947872441435,0.325686232812682,0.451556262479026,0.512025642137815,0.245745882862682,0.463112634433546,0.53303351141421,0.312123427262682,0.45119144913433,0.483972922989521,0.366367270562681,0.558427163465345,0.53423552099678,0.392554201662682,0.51356106915606,0.557306597915925,0.446396637662682,0.536742247000605,0.550662678121965,0.51365212766268,0.484411461153391,0.551975359734585,0.56716701811268,0.56760438434728,0.509019032836575,0.64813977056268,0.55811200469006,0.53031166368554,0.76847640786268,0.482053586481003,0.44232927770413,0.231879627662682,0.53438437230322,0.441016596048211,0.285394518112682,0.51120436205052,0.436013026170567,0.352606809612682,0.556888275651015,0.456925992315217,0.406719280112682,0.45123800684025,0.51189380740166,0.432439740562682,0.460683828766547,0.462680292097254,0.486703907862682,0.449926834261083,0.484247229477051,0.55331103136268,0.481189719480599,0.443513231368447,0.60745873281268,0.50759147140609,0.55697892961223,0.63437930961268,0.461907557805593,0.53606596346758,0.68849178011268,0.484490717156056,0.550746542258005,0.75505616566268,0.534305116325555,0.442245413568092,0.473283665662682,0.567239570977585,0.480966313644981,0.52751838286268,0.55568319902306,0.459958444368588,0.59389592726268,0.460368669991265,0.458756434786014,0.67432670166268,0.50523476430055,0.435685357866872,0.72816913766268,0.56755782661636,0.481098148381137,0.71421224056268,0.481992256193025,0.460844777762804,0.156605507427566,0.481970476211365,0.423426120222104,0.156770651002064,90.0,1.5,1.1086096
0.568868999220525,0.508744726349045,0.271538531362682,0.53760611397601,0.54947872441435,0.325686232812682,0.451556262479026,0.512025642137815,0.245745882862682,0.463112634433546,0.53303351141421,0.312123427262682,0.45119144913433,0.483972922989521,0.366367270562681,0.558427163465345,0.53423552099678,0.392554201662682,0.51356106915606,0.557306597915925,0.446396637662682,0.536742247000605,0.550662678121965,0.51365212766268,0.484411461153391,0.551975359734585,0.56716701811268,0.56760438434728,0.509019032836575,0.64813977056268,0.55811200469006,0.53031166368554,0.76847640786268,0.482053586481003,0.44232927770413,0.231879627662682,0.53438437230322,0.441016596048211,0.285394518112682,0.51120436205052,0.436013026170567,0.352606809612682,0.556888275651015,0.456925992315217,0.406719280112682,0.45123800684025,0.51189380740166,0.432439740562682,0.460683828766547,0.462680292097254,0.486703907862682,0.449926834261083,0.484247229477051,0.55331103136268,0.481189719480599,0.443513231368447,0.60745873281268,0.50759147140609,0.55697892961223,0.63437930961268,0.461907557805593,0.53606596346758,0.68849178011268,0.484490717156056,0.550746542258005,0.75505616566268,0.534305116325555,0.442245413568092,0.473283665662682,0.567239570977585,0.480966313644981,0.52751838286268,0.55568319902306,0.459958444368588,0.59389592726268,0.460368669991265,0.458756434786014,0.67432670166268,0.50523476430055,0.435685357866872,0.72816913766268,0.56755782661636,0.481098148381137,0.71421224056268,0.48196665505464,0.46100101015329,0.131067779683503,0.481943851864302,0.423582094101756,0.131156551630661,90.0,2.0,0.4731034
0.568868999220525,0.508744726349045,0.271538531362682,0.53760611397601,0.54947872441435,0.325686232812682,0.451556262479026,0.512025642137815,0.245745882862682,0.463112634433546,0.53303351141421,0.312123427262682,0.45119144913433,0.483972922989521,0.366367270562681,0.558427163465345,0.53423552099678,0.392554201662682,0.51356106915606,0.557306597915925,0.446396637662682,0.536742247000605,0.550662678121965,0.51365212766268,0.484411461153391,0.551975359734585,0.56716701811268,0.56760438434728,0.509019032836575,0.64813977056268,0.55811200469006,0.53031166368554,0.76847640786268,0.482053586481003,0.44232927770413,0.231879627662682,0.53438437230322,0.441016596048211,0.285394518112682,0.51120436205052,0.436013026170567,0.352606809612682,0.556888275651015,0.456925992315217,0.406719280112682,0.45123800684025,0.51189380740166,0.432439740562682,0.460683828766547,0.462680292097254,0.486703907862682,0.449926834261083,0.484247229477051,0.55331103136268,0.481189719480599,0.443513231368447,0.60745873281268,0.50759147140609,0.55697892961223,0.63437930961268,0.461907557805593,0.53606596346758,0.68849178011268,0.484490717156056,0.550746542258005,0.75505616566268,0.534305116325555,0.442245413568092,0.473283665662682,0.567239570977585,0.480966313644981,0.52751838286268,0.55568319902306,0.459958444368588,0.59389592726268,0.460368669991265,0.458756434786014,0.67432670166268,0.50523476430055,0.435685357866872,0.72816913766268,0.56755782661636,0.481098148381137,0.71421224056268,0.482009718864145,0.461182548202318,0.106492110692288,0.481986109863208,0.423763593471812,0.106562455608189,90.0,2.5,0.1869672
0.568868999220525,0.508744726349045,0.271538531362682,0.53760611397601,0.54947872441435,0.325686232812682,0.451556262479026,0.512025642137815,0.245745882862682,0.463112634433546,0.53303351141421,0.312123427262682,0.45119144913433,0.483972922989521,0.366367270562681,0.558427163465345,0.53423552099678,0.392554201662682,0.51356106915606,0.557306597915925,0.446396637662682,0.536742247000605,0.550662678121965,0.51365212766268,0.484411461153391,0.551975359734585,0.56716701811268,0.56760438434728,0.509019032836575,0.64813977056268,0.55811200469006,0.53031166368554,0.76847640786268,0.482053586481003,0.44232927770413,0.231879627662682,0.53438437230322,0.441016596048211,0.285394518112682,0.51120436205052,0.436013026170567,0.352606809612682,0.556888275651015,0.456925992315217,0.406719280112682,0.45123800684025,0.51189380740166,0.432439740562682,0.460683828766547,0.462680292097254,0.486703907862682,0.449926834261083,0.484247229477051,0.55331103136268,0.481189719480599,0.443513231368447,0.60745873281268,0.50759147140609,0.55697892961223,0.63437930961268,0.461907557805593,0.53606596346758,0.68849178011268,0.484490717156056,0.550746542258005,0.75505616566268,0.534305116325555,0.442245413568092,0.473283665662682,0.567239570977585,0.480966313644981,0.52751838286268,0.55568319902306,0.459958444368588,0.59389592726268,0.460368669991265,0.458756434786014,0.67432670166268,0.50523476430055,0.435685357866872,0.72816913766268,0.56755782661636,0.481098148381137,0.71421224056268,0.482040130506863,0.461197298984122,0.0814579791384726,0.482016816413324,0.423778335373908,0.0813924222440491,90.0,3.0,0.1223446
0.568868999220525,0.508744726349045,0.271538531362682,0.53760611397601,0.54947872441435,0.325686232812682,0.451556262479026,0.512025642137815,0.245745882862682,0.463112634433546,0.53303351141421,0.312123427262682,0.45119144913433,0.483972922989521,0.366367270562681,0.558427163465345,0.53423552099678,0.392554201662682,0.51356106915606,0.557306597915925,0.446396637662682,0.536742247000605,0.550662678121965,0.51365212766268,0.484411461153391,0.551975359734585,0.56716701811268,0.56760438434728,0.509019032836575,0.64813977056268,0.55811200469006,0.53031166368554,0.76847640786268,0.482053586481003,0.44232927770413,0.231879627662682,0.53438437230322,0.441016596048211,0.285394518112682,0.51120436205052,0.436013026170567,0.352606809612682,0.556888275651015,0.456925992315217,0.406719280112682,0.45123800684025,0.51189380740166,0.432439740562682,0.460683828766547,0.462680292097254,0.486703907862682,0.449926834261083,0.484247229477051,0.55331103136268,0.481189719480599,0.443513231368447,0.60745873281268,0.50759147140609,0.55697892961223,0.63437930961268,0.461907557805593,0.53606596346758,0.68849178011268,0.484490717156056,0.550746542258005,0.75505616566268,0.534305116325555,0.442245413568092,0.473283665662682,0.567239570977585,0.480966313644981,0.52751838286268,0.55568319902306,0.459958444368588,0.59389592726268,0.460368669991265,0.458756434786014,0.67432670166268,0.50523476430055,0.435685357866872,0.72816913766268,0.56755782661636,0.481098148381137,0.71421224056268,0.495213125013038,0.455537807381262,0.181846765678863,0.468737554131865,0.429094923903116,0.181888464519223,135.0,1.0,0.901418
0.568868999220525,0.508744726349045,0.271538531362682,0.53760611397601,0.54947872441435,0.325686232812682,0.451556262479026,0.512025642137815,0.245745882862682,0.463112634433546,0.53303351141421,0.312123427262682,0.45119144913433,0.483972922989521,0.366367270562681,0.558427163465345,0.53423552099678,0.392554201662682,0.51356106915606,0.557306597915925,0.446396637662682,0.536742247000605,0.550662678121965,0.51365212766268,0.484411461153391,0.551975359734585,0.56716701811268,0.56760438434728,0.509019032836575,0.64813977056268,0.55811200469006,0.53031166368554,0.76847640786268,0.482053586481003,0.44232927770413,0.231879627662682,0.53438437230322,0.441016596048211,0.285394518112682,0.51120436205052,0.436013026170567,0.352606809612682,0.556888275651015,0.456925992315217,0.406719280112682,0.45123800684025,0.51189380740166,0.432439740562682,0.460683828766547,0.462680292097254,0.486703907862682,0.449926834261083,0.484247229477051,0.55331103136268,0.481189719480599,0.443513231368447,0.60745873281268,0.50759147140609,0.55697892961223,0.63437930961268,0.461907557805593,0.53606596346758,0.68849178011268,0.484490717156056,0.550746542258005,0.75505616566268,0.534305116325555,0.442245413568092,0.473283665662682,0.567239570977585,0.480966313644981,0.52751838286268,0.55568319902306,0.459958444368588,0.59389592726268,0.460368669991265,0.458756434786014,0.67432670166268,0.50523476430055,0.435685357866872,0.72816913766268,0.56755782661636,0.481098148381137,0.71421224056268,0.495218456733661,0.455357232196336,0.156589069617771,0.468744275670728,0.428913665788572,0.156787088811859,135.0,1.5,1.0449852
0.568868999220525,0.508744726349045,0.271538531362682,0.53760611397601,0.54947872441435,0.325686232812682,0.451556262479026,0.512025642137815,0.245745882862682,0.463112634433546,0.53303351141421,0.312123427262682,0.45119144913433,0.483972922989521,0.366367270562681,0.558427163465345,0.53423552099678,0.392554201662682,0.51356106915606,0.557306597915925,0.446396637662682,0.536742247000605,0.550662678121965,0.51365212766268,0.484411461153391,0.551975359734585,0.56716701811268,0.56760438434728,0.509019032836575,0.64813977056268,0.55811200469006,0.53031166368554,0.76847640786268,0.482053586481003,0.44232927770413,0.231879627662682,0.53438437230322,0.441016596048211,0.285394518112682,0.51120436205052,0.436013026170567,0.352606809612682,0.556888275651015,0.456925992315217,0.406719280112682,0.45123800684025,0.51189380740166,0.432439740562682,0.460683828766547,0.462680292097254,0.486703907862682,0.449926834261083,0.484247229477051,0.55331103136268,0.481189719480599,0.443513231368447,0.60745873281268,0.50759147140609,0.55697892961223,0.63437930961268,0.461907557805593,0.53606596346758,0.68849178011268,0.484490717156056,0.550746542258005,0.75505616566268,0.534305116325555,0.442245413568092,0.473283665662682,0.567239570977585,0.480966313644981,0.52751838286268,0.55568319902306,0.459958444368588,0.59389592726268,0.460368669991265,0.458756434786014,0.67432670166268,0.50523476430055,0.435685357866872,0.72816913766268,0.56755782661636,0.481098148381137,0.71421224056268,0.495192693636279,0.455512971639,0.131011351987759,0.468717813282663,0.429070132616046,0.131212979326405,135.0,2.0,0.4670708
0.568868999220525,0.508744726349045,0.271538531362682,0.53760611397601,0.54947872441435,0.325686232812682,0.451556262479026,0.512025642137815,0.245745882862682,0.463112634433546,0.53303351141421,0.312123427262682,0.45119144913433,0.483972922989521,0.366367270562681,0.558427163465345,0.53423552099678,0.392554201662682,0.51356106915606,0.557306597915925,0.446396637662682,0.536742247000605,0.550662678121965,0.51365212766268,0.484411461153391,0.551975359734585,0.56716701811268,0.56760438434728,0.509019032836575,0.64813977056268,0.55811200469006,0.53031166368554,0.76847640786268,0.482053586481003,0.44232927770413,0.231879627662682,0.53438437230322,0.441016596048211,0.285394518112682,0.51120436205052,0.436013026170567,0.352606809612682,0.556888275651015,0.456925992315217,0.406719280112682,0.45123800684025,0.51189380740166,0.432439740562682,0.460683828766547,0.462680292097254,0.486703907862682,0.449926834261083,0.484247229477051,0.55331103136268,0.481189719480599,0.443513231368447,0.60745873281268,0.50759147140609,0.55697892961223,0.63437930961268,0.461907557805593,0.53606596346758,0.68849178011268,0.484490717156056,0.550746542258005,0.75505616566268,0.534305116325555,0.442245413568092,0.473283665662682,0.567239570977585,0.480966313644981,0.52751838286268,0.55568319902306,0.459958444368588,0.59389592726268,0.460368669991265,0.458756434786014,0.67432670166268,0.50523476430055,0.435685357866872,0.72816913766268,0.56755782661636,0.481098148381137,0.71421224056268,0.495235756903257,0.455694470221171,0.106533836941201,0.468760071824096,0.429251671452959,0.106520729359277,135.0,2.5,0.1882692
0.568868999220525,0.508744726349045,0.271538531362682,0.53760611397601,0.54947872441435,0.325686232812682,0.451556262479026,0.512025642137815,0.245745882862682,0.463112634433546,0.53303351141421,0.312123427262682,0.45119144913433,0.483972922989521,0.366367270562681,0.558427163465345,0.53423552099678,0.392554201662682,0.51356106915606,0.557306597915925,0.446396637662682,0.536742247000605,0.550662678121965,0.51365212766268,0.484411461153391,0.551975359734585,0.56716701811268,0.56760438434728,0.509019032836575,0.64813977056268,0.55811200469006,0.53031166368554,0.76847640786268,0.482053586481003,0.44232927770413,0.231879627662682,0.53438437230322,0.441016596048211,0.285394518112682,0.51120436205052,0.436013026170567,0.352606809612682,0.556888275651015,0.456925992315217,0.406719280112682,0.45123800684025,0.51189380740166,0.432439740562682,0.460683828766547,0.462680292097254,0.486703907862682,0.449926834261083,0.484247229477051,0.55331103136268,0.481189719480599,0.443513231368447,0.60745873281268,0.50759147140609,0.55697892961223,0.63437930961268,0.461907557805593,0.53606596346758,0.68849178011268,0.484490717156056,0.550746542258005,0.75505616566268,0.534305116325555,0.442245413568092,0.473283665662682,0.567239570977585,0.480966313644981,0.52751838286268,0.55568319902306,0.459958444368588,0.59389592726268,0.460368669991265,0.458756434786014,0.67432670166268,0.50523476430055,0.435685357866872,0.72816913766268,0.56755782661636,0.481098148381137,0.71421224056268,0.495266166782924,0.455709338287204,0.0814530360172212,0.468790780137263,0.429266296070826,0.0813973653653005,135.0,3.0,0.1232994
0.568868999220525,0.508744726349045,0.271538531362682,0.53760611397601,0.54947872441435,0.325686232812682,0.451556262479026,0.512025642137815,0.245745882862682,0.463112634433546,0.53303351141421,0.312123427262682,0.45119144913433,0.483972922989521,0.366367270562681,0.558427163465345,0.53423552099678,0.392554201662682,0.51356106915606,0.557306597915925,0.446396637662682,0.536742247000605,0.550662678121965,0.51365212766268,0.484411461153391,0.551975359734585,0.56716701811268,0.56760438434728,0.509019032836575,0.64813977056268,0.55811200469006,0.53031166368554,0.76847640786268,0.482053586481003,0.44232927770413,0.231879627662682,0.53438437230322,0.441016596048211,0.285394518112682,0.51120436205052,0.436013026170567,0.352606809612682,0.556888275651015,0.456925992315217,0.406719280112682,0.45123800684025,0.51189380740166,0.432439740562682,0.460683828766547,0.462680292097254,0.486703907862682,0.449926834261083,0.484247229477051,0.55331103136268,0.481189719480599,0.443513231368447,0.60745873281268,0.50759147140609,0.55697892961223,0.63437930961268,0.461907557805593,0.53606596346758,0.68849178011268,0.484490717156056,0.550746542258005,0.75505616566268,0.534305116325555,0.442245413568092,0.473283665662682,0.567239570977585,0.480966313644981,0.52751838286268,0.55568319902306,0.459958444368588,0.59389592726268,0.460368669991265,0.458756434786014,0.67432670166268,0.50523476430055,0.435685357866872,0.72816913766268,0.56755782661636,0.481098148381137,0.71421224056268,0.433131289316721,0.512030521294934,0.19523944306879,0.470550246329955,0.51200666227177,0.195308477154216,0.0,1.0,2.0565958
0.568868999220525,0.508744726349045,0.271538531362682,0.53760611397601,0.54947872441435,0.325686232812682,0.451556262479026,0.512025642137815,0.245745882862682,0.463112634433546,0.53303351141421,0.312123427262682,0.45119144913433,0.483972922989521,0.366367270562681,0.558427163465345,0.53423552099678,0.392554201662682,0.51356106915606,0.557306597915925,0.446396637662682,0.536742247000605,0.550662678121965,0.51365212766268,0.484411461153391,0.551975359734585,0.56716701811268,0.56760438434728,0.509019032836575,0.64813977056268,0.55811200469006,0.53031166368554,0.76847640786268,0.482053586481003,0.44232927770413,0.231879627662682,0.53438437230322,0.441016596048211,0.285394518112682,0.51120436205052,0.436013026170567,0.352606809612682,0.556888275651015,0.456925992315217,0.406719280112682,0.45123800684025,0.51189380740166,0.432439740562682,0.460683828766547,0.462680292097254,0.486703907862682,0.449926834261083,0.484247229477051,0.55331103136268,0.481189719480599,0.443513231368447,0.60745873281268,0.50759147140609,0.55697892961223,0.63437930961268,0.461907557805593,0.53606596346758,0.68849178011268,0.484490717156056,0.550746542258005,0.75505616566268,0.534305116325555,0.442245413568092,0.473283665662682,0.567239570977585,0.480966313644981,0.52751838286268,0.55568319902306,0.459958444368588,0.59389592726268,0.460368669991265,0.458756434786014,0.67432670166268,0.50523476430055,0.435685357866872,0.72816913766268,0.56755782661636,0.481098148381137,0.71421224056268,0.433159553796627,0.511945920423217,0.170424511001463,0.470578510809861,0.511922061400053,0.170493545086889,0.0,1.5,2.291737
0.568868999220525,0.508744726349045,0.271538531362682,0.53760611397601,0.54947872441435,0.325686232812682,0.451556262479026,0.512025642137815,0.245745882862682,0.463112634433546,0.53303351141421,0.312123427262682,0.45119144913433,0.483972922989521,0.366367270562681,0.558427163465345,0.53423552099678,0.392554201662682,0.51356106915606,0.557306597915925,0.446396637662682,0.536742247000605,0.550662678121965,0.51365212766268,0.484411461153391,0.551975359734585,0.56716701811268,0.56760438434728,0.509019032836575,0.64813977056268,0.55811200469006,0.53031166368554,0.76847640786268,0.482053586481003,0.44232927770413,0.231879627662682,0.53438437230322,0.441016596048211,0.285394518112682,0.51120436205052,0.436013026170567,0.352606809612682,0.556888275651015,0.456925992315217,0.406719280112682,0.45123800684025,0.51189380740166,0.432439740562682,0.460683828766547,0.462680292097254,0.486703907862682,0.449926834261083,0.484247229477051,0.55331103136268,0.481189719480599,0.443513231368447,0.60745873281268,0.50759147140609,0.55697892961223,0.63437930961268,0.461907557805593,0.53606596346758,0.68849178011268,0.484490717156056,0.550746542258005,0.75505616566268,0.534305116325555,0.442245413568092,0.473283665662682,0.567239570977585,0.480966313644981,0.52751838286268,0.55568319902306,0.459958444368588,0.59389592726268,0.460368669991265,0.458756434786014,0.67432670166268,0.50523476430055,0.435685357866872,0.72816913766268,0.56755782661636,0.481098148381137,0.71421224056268,0.433053899252326,0.512015515762019,0.145535662331319,0.47047285626556,0.511991656738855,0.145604696416745,0.0,2.0,0.938308
0.568868999220525,0.508744726349045,0.271538531362682,0.53760611397601,0.54947872441435,0.325686232812682,0.451556262479026,0.512025642137815,0.245745882862682,0.463112634433546,0.53303351141421,0.312123427262682,0.45119144913433,0.483972922989521,0.366367270562681,0.558427163465345,0.53423552099678,0.392554201662682,0.51356106915606,0.557306597915925,0.446396637662682,0.536742247000605,0.550662678121965,0.51365212766268,0.484411461153391,0.551975359734585,0.56716701811268,0.56760438434728,0.509019032836575,0.64813977056268,0.55811200469006,0.53031166368554,0.76847640786268,0.482053586481003,0.44232927770413,0.231879627662682,0.53438437230322,0.441016596048211,0.285394518112682,0.51120436205052,0.436013026170567,0.352606809612682,0.556888275651015,0.456925992315217,0.406719280112682,0.45123800684025,0.51189380740166,0.432439740562682,0.460683828766547,0.462680292097254,0.486703907862682,0.449926834261083,0.484247229477051,0.55331103136268,0.481189719480599,0.443513231368447,0.60745873281268,0.50759147140609,0.55697892961223,0.63437930961268,0.461907557805593,0.53606596346758,0.68849178011268,0.484490717156056,0.550746542258005,0.75505616566268,0.534305116325555,0.442245413568092,0.473283665662682,0.567239570977585,0.480966313644981,0.52751838286268,0.55568319902306,0.459958444368588,0.59389592726268,0.460368669991265,0.458756434786014,0.67432670166268,0.50523476430055,0.435685357866872,0.72816913766268,0.56755782661636,0.481098148381137,0.71421224056268,0.433179365444922,0.512174140773245,0.120597885640309,0.470598322458156,0.512150281750081,0.120666919725735,0.0,2.5,0.2919952
0.568868999220525,0.508744726349045,0.271538531362682,0.53760611397601,0.54947872441435,0.325686232812682,0.451556262479026,0.512025642137815,0.245745882862682,0.463112634433546,0.53303351141421,0.312123427262682,0.45119144913433,0.483972922989521,0.366367270562681,0.558427163465345,0.53423552099678,0.392554201662682,0.51356106915606,0.557306597915925,0.446396637662682,0.536742247000605,0.550662678121965,0.51365212766268,0.484411461153391,0.551975359734585,0.56716701811268,0.56760438434728,0.509019032836575,0.64813977056268,0.55811200469006,0.53031166368554,0.76847640786268,0.482053586481003,0.44232927770413,0.231879627662682,0.53438437230322,0.441016596048211,0.285394518112682,0.51120436205052,0.436013026170567,0.352606809612682,0.556888275651015,0.456925992315217,0.406719280112682,0.45123800684025,0.51189380740166,0.432439740562682,0.460683828766547,0.462680292097254,0.486703907862682,0.449926834261083,0.484247229477051,0.55331103136268,0.481189719480599,0.443513231368447,0.60745873281268,0.50759147140609,0.55697892961223,0.63437930961268,0.461907557805593,0.53606596346758,0.68849178011268,0.484490717156056,0.550746542258005,0.75505616566268,0.534305116325555,0.442245413568092,0.473283665662682,0.567239570977585,0.480966313644981,0.52751838286268,0.55568319902306,0.459958444368588,0.59389592726268,0.460368669991265,0.458756434786014,0.67432670166268,0.50523476430055,0.435685357866872,0.72816913766268,0.56755782661636,0.481098148381137,0.71421224056268,0.433059211459099,0.512002258340988,0.0952101544185916,0.470478168472333,0.511978399317824,0.0952791885040176,0.0,3.0,0.1408764
0.568868999220525,0.508744726349045,0.271538531362682,0.53760611397601,0.54947872441435,0.325686232812682,0.451556262479026,0.512025642137815,0.245745882862682,0.463112634433546,0.53303351141421,0.312123427262682,0.45119144913433,0.483972922989521,0.366367270562681,0.558427163465345,0.53423552099678,0.392554201662682,0.51356106915606,0.557306597915925,0.446396637662682,0.536742247000605,0.550662678121965,0.51365212766268,0.484411461153391,0.551975359734585,0.56716701811268,0.56760438434728,0.509019032836575,0.64813977056268,0.55811200469006,0.53031166368554,0.76847640786268,0.482053586481003,0.44232927770413,0.231879627662682,0.53438437230322,0.441016596048211,0.285394518112682,0.51120436205052,0.436013026170567,0.352606809612682,0.556888275651015,0.456925992315217,0.406719280112682,0.45123800684025,0.51189380740166,0.432439740562682,0.460683828766547,0.462680292097254,0.486703907862682,0.449926834261083,0.484247229477051,0.55331103136268,0.481189719480599,0.443513231368447,0.60745873281268,0.50759147140609,0.55697892961223,0.63437930961268,0.461907557805593,0.53606596346758,0.68849178011268,0.484490717156056,0.550746542258005,0.75505616566268,0.534305116325555,0.442245413568092,0.473283665662682,0.567239570977585,0.480966313644981,0.52751838286268,0.55568319902306,0.459958444368588,0.59389592726268,0.460368669991265,0.458756434786014,0.67432670166268,0.50523476430055,0.435685357866872,0.72816913766268,0.56755782661636,0.481098148381137,0.71421224056268,0.438619587186538,0.525256632155843,0.195249682664238,0.465061948460138,0.498780551410861,0.195298237558768,45.0,1.0,2.1310268
0.568868999220525,0.508744726349045,0.271538531362682,0.53760611397601,0.54947872441435,0.325686232812682,0.451556262479026,0.512025642137815,0.245745882862682,0.463112634433546,0.53303351141421,0.312123427262682,0.45119144913433,0.483972922989521,0.366367270562681,0.558427163465345,0.53423552099678,0.392554201662682,0.51356106915606,0.557306597915925,0.446396637662682,0.536742247000605,0.550662678121965,0.51365212766268,0.484411461153391,0.551975359734585,0.56716701811268,0.56760438434728,0.509019032836575,0.64813977056268,0.55811200469006,0.53031166368554,0.76847640786268,0.482053586481003,0.44232927770413,0.231879627662682,0.53438437230322,0.441016596048211,0.285394518112682,0.51120436205052,0.436013026170567,0.352606809612682,0.556888275651015,0.456925992315217,0.406719280112682,0.45123800684025,0.51189380740166,0.432439740562682,0.460683828766547,0.462680292097254,0.486703907862682,0.449926834261083,0.484247229477051,0.55331103136268,0.481189719480599,0.443513231368447,0.60745873281268,0.50759147140609,0.55697892961223,0.63437930961268,0.461907557805593,0.53606596346758,0.68849178011268,0.484490717156056,0.550746542258005,0.75505616566268,0.534305116325555,0.442245413568092,0.473283665662682,0.567239570977585,0.480966313644981,0.52751838286268,0.55568319902306,0.459958444368588,0.59389592726268,0.460368669991265,0.458756434786014,0.67432670166268,0.50523476430055,0.435685357866872,0.72816913766268,0.56755782661636,0.481098148381137,0.71421224056268,0.438647547783467,0.525171681099884,0.17041630448775,0.465090516823021,0.498696300723386,0.170501751600602,45.0,1.5,2.18302
0.568868999220525,0.508744726349045,0.271538531362682,0.53760611397601,0.54947872441435,0.325686232812682,0.451556262479026,0.512025642137815,0.245745882862682,0.463112634433546,0.53303351141421,0.312123427262682,0.45119144913433,0.483972922989521,0.366367270562681,0.558427163465345,0.53423552099678,0.392554201662682,0.51356106915606,0.557306597915925,0.446396637662682,0.536742247000605,0.550662678121965,0.51365212766268,0.484411461153391,0.551975359734585,0.56716701811268,0.56760438434728,0.509019032836575,0.64813977056268,0.55811200469006,0.53031166368554,0.76847640786268,0.482053586481003,0.44232927770413,0.231879627662682,0.53438437230322,0.441016596048211,0.285394518112682,0.51120436205052,0.436013026170567,0.352606809612682,0.556888275651015,0.456925992315217,0.406719280112682,0.45123800684025,0.51189380740166,0.432439740562682,0.460683828766547,0.462680292097254,0.486703907862682,0.449926834261083,0.484247229477051,0.55331103136268,0.481189719480599,0.443513231368447,0.60745873281268,0.50759147140609,0.55697892961223,0.63437930961268,0.461907557805593,0.53606596346758,0.68849178011268,0.484490717156056,0.550746542258005,0.75505616566268,0.534305116325555,0.442245413568092,0.473283665662682,0.567239570977585,0.480966313644981,0.52751838286268,0.55568319902306,0.459958444368588,0.59389592726268,0.460368669991265,0.458756434786014,0.67432670166268,0.50523476430055,0.435685357866872,0.72816913766268,0.56755782661636,0.481098148381137,0.71421224056268,0.438542162224234,0.525241613965271,0.14556886213341,0.464984593293651,0.498765558535603,0.145571496614654,45.0,2.0,0.9471616
0.568868999220525,0.508744726349045,0.271538531362682,0.53760611397601,0.54947872441435,0.325686232812682,0.451556262479026,0.512025642137815,0.245745882862682,0.463112634433546,0.53303351141421,0.312123427262682,0.45119144913433,0.483972922989521,0.366367270562681,0.558427163465345,0.53423552099678,0.392554201662682,0.51356106915606,0.557306597915925,0.446396637662682,0.536742247000605,0.550662678121965,0.51365212766268,0.484411461153391,0.551975359734585,0.56716701811268,0.56760438434728,0.509019032836575,0.64813977056268,0.55811200469006,0.53031166368554,0.76847640786268,0.482053586481003,0.44232927770413,0.231879627662682,0.53438437230322,0.441016596048211,0.285394518112682,0.51120436205052,0.436013026170567,0.352606809612682,0.556888275651015,0.456925992315217,0.406719280112682,0.45123800684025,0.51189380740166,0.432439740562682,0.460683828766547,0.462680292097254,0.486703907862682,0.449926834261083,0.484247229477051,0.55331103136268,0.481189719480599,0.443513231368447,0.60745873281268,0.50759147140609,0.55697892961223,0.63437930961268,0.461907557805593,0.53606596346758,0.68849178011268,0.484490717156056,0.550746542258005,0.75505616566268,0.534305116325555,0.442245413568092,0.473283665662682,0.567239570977585,0.480966313644981,0.52751838286268,0.55568319902306,0.459958444368588,0.59389592726268,0.460368669991265,0.458756434786014,0.67432670166268,0.50523476430055,0.435685357866872,0.72816913766268,0.56755782661636,0.481098148381137,0.71421224056268,0.438667544752413,0.525400131853518,0.120607390286023,0.465110143150665,0.498924290669809,0.120657415080022,45.0,2.5,0.286657
0.568868999220525,0.508744726349045,0.271538531362682,0.53760611397601,0.54947872441435,0.325686232812682,0.451556262479026,0.512025642137815,0.245745882862682,0.463112634433546,0.53303351141421,0.312123427262682,0.45119144913433,0.483972922989521,0.366367270562681,0.558427163465345,0.53423552099678,0.392554201662682,0.51356106915606,0.557306597915925,0.446396637662682,0.536742247000605,0.550662678121965,0.51365212766268,0.484411461153391,0.551975359734585,0.56716701811268,0.56760438434728,0.509019032836575,0.64813977056268,0.55811200469006,0.53031166368554,0.76847640786268,0.482053586481003,0.44232927770413,0.231879627662682,0.53438437230322,0.441016596048211,0.285394518112682,0.51120436205052,0.436013026170567,0.352606809612682,0.556888275651015,0.456925992315217,0.406719280112682,0.45123800684025,0.51189380740166,0.432439740562682,0.460683828766547,0.462680292097254,0.486703907862682,0.449926834261083,0.484247229477051,0.55331103136268,0.481189719480599,0.443513231368447,0.60745873281268,0.50759147140609,0.55697892961223,0.63437930961268,0.461907557805593,0.53606596346758,0.68849178011268,0.484490717156056,0.550746542258005,0.75505616566268,0.534305116325555,0.442245413568092,0.473283665662682,0.567239570977585,0.480966313644981,0.52751838286268,0.55568319902306,0.459958444368588,0.59389592726268,0.460368669991265,0.458756434786014,0.67432670166268,0.50523476430055,0.435685357866872,0.72816913766268,0.56755782661636,0.481098148381137,0.71421224056268,0.438547436834088,0.525228318944811,0.0952464215834489,0.464989943097344,0.498752338714002,0.0952429213391603,45.0,3.0,0.1374478
0.568868999220525,0.508744726349045,0.271538531362682,0.53760611397601,0.54947872441435,0.325686232812682,0.451556262479026,0.512025642137815,0.245745882862682,0.463112634433546,0.53303351141421,0.312123427262682,0.45119144913433,0.483972922989521,0.366367270562681,0.558427163465345,0.53423552099678,0.392554201662682,0.51356106915606,0.557306597915925,0.446396637662682,0.536742247000605,0.550662678121965,0.51365212766268,0.484411461153391,0.551975359734585,0.56716701811268,0.56760438434728,0.509019032836575,0.64813977056268,0.55811200469006,0.53031166368554,0.76847640786268,0.482053586481003,0.44232927770413,0.231879627662682,0.53438437230322,0.441016596048211,0.285394518112682,0.51120436205052,0.436013026170567,0.352606809612682,0.556888275651015,0.456925992315217,0.406719280112682,0.45123800684025,0.51189380740166,0.432439740562682,0.460683828766547,0.462680292097254,0.486703907862682,0.449926834261083,0.484247229477051,0.55331103136268,0.481189719480599,0.443513231368447,0.60745873281268,0.50759147140609,0.55697892961223,0.63437930961268,0.461907557805593,0.53606596346758,0.68849178011268,0.484490717156056,0.550746542258005,0.75505616566268,0.534305116325555,0.442245413568092,0.473283665662682,0.567239570977585,0.480966313644981,0.52751838286268,0.55568319902306,0.459958444368588,0.59389592726268,0.460368669991265,0.458756434786014,0.67432670166268,0.50523476430055,0.435685357866872,0.72816913766268,0.56755782661636,0.481098148381137,0.71421224056268,0.451852327057489,0.530728101360606,0.19528008316631,0.451829208589188,0.493309082206098,0.195267837056696,90.0,1.0,2.7000876
0.568868999220525,0.508744726349045,0.271538531362682,0.53760611397601,0.54947872441435,0.325686232812682,0.451556262479026,0.512025642137815,0.245745882862682,0.463112634433546,0.53303351141421,0.312123427262682,0.45119144913433,0.483972922989521,0.366367270562681,0.558427163465345,0.53423552099678,0.392554201662682,0.51356106915606,0.557306597915925,0.446396637662682,0.536742247000605,0.550662678121965,0.51365212766268,0.484411461153391,0.551975359734585,0.56716701811268,0.56760438434728,0.509019032836575,0.64813977056268,0.55811200469006,0.53031166368554,0.76847640786268,0.482053586481003,0.44232927770413,0.231879627662682,0.53438437230322,0.441016596048211,0.285394518112682,0.51120436205052,0.436013026170567,0.352606809612682,0.556888275651015,0.456925992315217,0.406719280112682,0.45123800684025,0.51189380740166,0.432439740562682,0.460683828766547,0.462680292097254,0.486703907862682,0.449926834261083,0.484247229477051,0.55331103136268,0.481189719480599,0.443513231368447,0.60745873281268,0.50759147140609,0.55697892961223,0.63437930961268,0.461907557805593,0.53606596346758,0.68849178011268,0.484490717156056,0.550746542258005,0.75505616566268,0.534305116325555,0.442245413568092,0.473283665662682,0.567239570977585,0.480966313644981,0.52751838286268,0.55568319902306,0.459958444368588,0.59389592726268,0.460368669991265,0.458756434786014,0.67432670166268,0.50523476430055,0.435685357866872,0.72816913766268,0.56755782661636,0.481098148381137,0.71421224056268,0.451880306715894,0.53064347229391,0.170425876528655,0.451857757890594,0.49322450952936,0.170492179559697,90.0,1.5,2.3896908
0.568868999220525,0.508744726349045,0.271538531362682,0.53760611397601,0.54947872441435,0.325686232812682,0.451556262479026,0.512025642137815,0.245745882862682,0.463112634433546,0.53303351141421,0.312123427262682,0.45119144913433,0.483972922989521,0.366367270562681,0.558427163465345,0.53423552099678,0.392554201662682,0.51356106915606,0.557306597915925,0.446396637662682,0.536742247000605,0.550662678121965,0.51365212766268,0.484411461153391,0.551975359734585,0.56716701811268,0.56760438434728,0.509019032836575,0.64813977056268,0.55811200469006,0.53031166368554,0.76847640786268,0.482053586481003,0.44232927770413,0.231879627662682,0.53438437230322,0.441016596048211,0.285394518112682,0.51120436205052,0.436013026170567,0.352606809612682,0.556888275651015,0.456925992315217,0.406719280112682,0.45123800684025,0.51189380740166,0.432439740562682,0.460683828766547,0.462680292097254,0.486703907862682,0.449926834261083,0.484247229477051,0.55331103136268,0.481189719480599,0.443513231368447,0.60745873281268,0.50759147140609,0.55697892961223,0.63437930961268,0.461907557805593,0.53606596346758,0.68849178011268,0.484490717156056,0.550746542258005,0.75505616566268,0.534305116325555,0.442245413568092,0.473283665662682,0.567239570977585,0.480966313644981,0.52751838286268,0.55568319902306,0.459958444368588,0.59389592726268,0.460368669991265,0.458756434786014,0.67432670166268,0.50523476430055,0.435685357866872,0.72816913766268,0.56755782661636,0.481098148381137,0.71421224056268,0.451775247738733,0.530713090039086,0.145585889726093,0.451751507779152,0.493294082461788,0.145554469021971,90.0,2.0,0.9563624
0.568868999220525,0.508744726349045,0.271538531362682,0.53760611397601,0.54947872441435,0.325686232812682,0.451556262479026,0.512025642137815,0.245745882862682,0.463112634433546,0.53303351141421,0.312123427262682,0.45119144913433,0.483972922989521,0.366367270562681,0.558427163465345,0.53423552099678,0.392554201662682,0.51356106915606,0.557306597915925,0.446396637662682,0.536742247000605,0.550662678121965,0.51365212766268,0.484411461153391,0.551975359734585,0.56716701811268,0.56760438434728,0.509019032836575,0.64813977056268,0.55811200469006,0.53031166368554,0.76847640786268,0.482053586481003,0.44232927770413,0.231879627662682,0.53438437230322,0.441016596048211,0.285394518112682,0.51120436205052,0.436013026170567,0.352606809612682,0.556888275651015,0.456925992315217,0.406719280112682,0.45123800684025,0.51189380740166,0.432439740562682,0.460683828766547,0.462680292097254,0.486703907862682,0.449926834261083,0.484247229477051,0.55331103136268,0.481189719480599,0.443513231368447,0.60745873281268,0.50759147140609,0.55697892961223,0.63437930961268,0.461907557805593,0.53606596346758,0.68849178011268,0.484490717156056,0.550746542258005,0.75505616566268,0.534305116325555,0.442245413568092,0.473283665662682,0.567239570977585,0.480966313644981,0.52751838286268,0.55568319902306,0.459958444368588,0.59389592726268,0.460368669991265,0.458756434786014,0.67432670166268,0.50523476430055,0.435685357866872,0.72816913766268,0.56755782661636,0.481098148381137,0.71421224056268,0.451900589015741,0.530871615337194,0.120569308142335,0.451877098887336,0.493452807186133,0.12069549722371,90.0,2.5,0.2883496
0.568868999220525,0.508744726349045,0.271538531362682,0.53760611397601,0.54947872441435,0.325686232812682,0.451556262479026,0.512025642137815,0.245745882862682,0.463112634433546,0.53303351141421,0.312123427262682,0.45119144913433,0.483972922989521,0.366367270562681,0.558427163465345,0.53423552099678,0.392554201662682,0.51356106915606,0.557306597915925,0.446396637662682,0.536742247000605,0.550662678121965,0.51365212766268,0.484411461153391,0.551975359734585,0.56716701811268,0.56760438434728,0.509019032836575,0.64813977056268,0.55811200469006,0.53031166368554,0.76847640786268,0.482053586481003,0.44232927770413,0.231879627662682,0.53438437230322,0.441016596048211,0.285394518112682,0.51120436205052,0.436013026170567,0.352606809612682,0.556888275651015,0.456925992315217,0.406719280112682,0.45123800684025,0.51189380740166,0.432439740562682,0.460683828766547,0.462680292097254,0.486703907862682,0.449926834261083,0.484247229477051,0.55331103136268,0.481189719480599,0.443513231368447,0.60745873281268,0.50759147140609,0.55697892961223,0.63437930961268,0.461907557805593,0.53606596346758,0.68849178011268,0.484490717156056,0.550746542258005,0.75505616566268,0.534305116325555,0.442245413568092,0.473283665662682,0.567239570977585,0.480966313644981,0.52751838286268,0.55568319902306,0.459958444368588,0.59389592726268,0.460368669991265,0.458756434786014,0.67432670166268,0.50523476430055,0.435685357866872,0.72816913766268,0.56755782661636,0.481098148381137,0.71421224056268,0.451780297896845,0.53069982593634,0.095267098913982,0.451757082034587,0.493280831722473,0.0952222440086272,90.0,3.0,0.1378384
0.568868999220525,0.508744726349045,0.271538531362682,0.53760611397601,0.54947872441435,0.325686232812682,0.451556262479026,0.512025642137815,0.245745882862682,0.463112634433546,0.53303351141421,0.312123427262682,0.45119144913433,0.483972922989521,0.366367270562681,0.558427163465345,0.53423552099678,0.392554201662682,0.51356106915606,0.557306597915925,0.446396637662682,0.536742247000605,0.550662678121965,0.51365212766268,0.484411461153391,0.551975359734585,0.56716701811268,0.56760438434728,0.509019032836575,0.64813977056268,0.55811200469006,0.53031166368554,0.76847640786268,0.482053586481003,0.44232927770413,0.231879627662682,0.53438437230322,0.441016596048211,0.285394518112682,0.51120436205052,0.436013026170567,0.352606809612682,0.556888275651015,0.456925992315217,0.406719280112682,0.45123800684025,0.51189380740166,0.432439740562682,0.460683828766547,0.462680292097254,0.486703907862682,0.449926834261083,0.484247229477051,0.55331103136268,0.481189719480599,0.443513231368447,0.60745873281268,0.50759147140609,0.55697892961223,0.63437930961268,0.461907557805593,0.53606596346758,0.68849178011268,0.484490717156056,0.550746542258005,0.75505616566268,0.534305116325555,0.442245413568092,0.473283665662682,0.567239570977585,0.480966313644981,0.52751838286268,0.55568319902306,0.459958444368588,0.59389592726268,0.460368669991265,0.458756434786014,0.67432670166268,0.50523476430055,0.435685357866872,0.72816913766268,0.56755782661636,0.481098148381137,0.71421224056268,0.46507837523605,0.525240166645463,0.195233613097073,0.438603160410627,0.498797016921241,0.195314307125933,135.0,1.0,2.6286078
0.568868999220525,0.508744726349045,0.271538531362682,0.53760611397601,0.54947872441435,0.325686232812682,0.451556262479026,0.512025642137815,0.245745882862682,0.463112634433546,0.53303351141421,0.312123427262682,0.45119144913433,0.483972922989521,0.366367270562681,0.558427163465345,0.53423552099678,0.392554201662682,0.51356106915606,0.557306597915925,0.446396637662682,0.536742247000605,0.550662678121965,0.51365212766268,0.484411461153391,0.551975359734585,0.56716701811268,0.56760438434728,0.509019032836575,0.64813977056268,0.55811200469006,0.53031166368554,0.76847640786268,0.482053586481003,0.44232927770413,0.231879627662682,0.53438437230322,0.441016596048211,0.285394518112682,0.51120436205052,0.436013026170567,0.352606809612682,0.556888275651015,0.456925992315217,0.406719280112682,0.45123800684025,0.51189380740166,0.432439740562682,0.460683828766547,0.462680292097254,0.486703907862682,0.449926834261083,0.484247229477051,0.55331103136268,0.481189719480599,0.443513231368447,0.60745873281268,0.50759147140609,0.55697892961223,0.63437930961268,0.461907557805593,0.53606596346758,0.68849178011268,0.484490717156056,0.550746542258005,0.75505616566268,0.534305116325555,0.442245413568092,0.473283665662682,0.567239570977585,0.480966313644981,0.52751838286268,0.55568319902306,0.459958444368588,0.59389592726268,0.460368669991265,0.458756434786014,0.67432670166268,0.50523476430055,0.435685357866872,0.72816913766268,0.56755782661636,0.481098148381137,0.71421224056268,0.465106513507778,0.525155753058619,0.170463128929968,0.43863155109871,0.498712228764651,0.170454927158384,135.0,1.5,2.4964548
0.568868999220525,0.508744726349045,0.271538531362682,0.53760611397601,0.54947872441435,0.325686232812682,0.451556262479026,0.512025642137815,0.245745882862682,0.463112634433546,0.53303351141421,0.312123427262682,0.45119144913433,0.483972922989521,0.366367270562681,0.558427163465345,0.53423552099678,0.392554201662682,0.51356106915606,0.557306597915925,0.446396637662682,0.536742247000605,0.550662678121965,0.51365212766268,0.484411461153391,0.551975359734585,0.56716701811268,0.56760438434728,0.509019032836575,0.64813977056268,0.55811200469006,0.53031166368554,0.76847640786268,0.482053586481003,0.44232927770413,0.231879627662682,0.53438437230322,0.441016596048211,0.285394518112682,0.51120436205052,0.436013026170567,0.352606809612682,0.556888275651015,0.456925992315217,0.406719280112682,0.45123800684025,0.51189380740166,0.432439740562682,0.460683828766547,0.462680292097254,0.486703907862682,0.449926834261083,0.484247229477051,0.55331103136268,0.481189719480599,0.443513231368447,0.60745873281268,0.50759147140609,0.55697892961223,0.63437930961268,0.461907557805593,0.53606596346758,0.68849178011268,0.484490717156056,0.550746542258005,0.75505616566268,0.534305116325555,0.442245413568092,0.473283665662682,0.567239570977585,0.480966313644981,0.52751838286268,0.55568319902306,0.459958444368588,0.59389592726268,0.460368669991265,0.458756434786014,0.67432670166268,0.50523476430055,0.435685357866872,0.72816913766268,0.56755782661636,0.481098148381137,0.71421224056268,0.46500121041178,0.525224911784335,0.145522666100065,0.438525545106105,0.498782260716539,0.145617692647999,135.0,2.0,0.9473786
0.568868999220525,0.508744726349045,0.271538531362682,0.53760611397601,0.54947872441435,0.325686232812682,0.451556262479026,0.512025642137815,0.245745882862682,0.463112634433546,0.53303351141421,0.312123427262682,0.45119144913433,0.483972922989521,0.366367270562681,0.558427163465345,0.53423552099678,0.392554201662682,0.51356106915606,0.557306597915925,0.446396637662682,0.536742247000605,0.550662678121965,0.51365212766268,0.484411461153391,0.551975359734585,0.56716701811268,0.56760438434728,0.509019032836575,0.64813977056268,0.55811200469006,0.53031166368554,0.76847640786268,0.482053586481003,0.44232927770413,0.231879627662682,0.53438437230322,0.441016596048211,0.285394518112682,0.51120436205052,0.436013026170567,0.352606809612682,0.556888275651015,0.456925992315217,0.406719280112682,0.45123800684025,0.51189380740166,0.432439740562682,0.460683828766547,0.462680292097254,0.486703907862682,0.449926834261083,0.484247229477051,0.55331103136268,0.481189719480599,0.443513231368447,0.60745873281268,0.50759147140609,0.55697892961223,0.63437930961268,0.461907557805593,0.53606596346758,0.68849178011268,0.484490717156056,0.550746542258005,0.75505616566268,0.534305116325555,0.442245413568092,0.473283665662682,0.567239570977585,0.480966313644981,0.52751838286268,0.55568319902306,0.459958444368588,0.59389592726268,0.460368669991265,0.458756434786014,0.67432670166268,0.50523476430055,0.435685357866872,0.72816913766268,0.56755782661636,0.481098148381137,0.71421224056268,0.465126729795499,0.525383354753611,0.120557150595485,0.438650958107578,0.498941067769716,0.12070765477056,135.0,2.5,0.2937746
0.568868999220525,0.508744726349045,0.271538531362682,0.53760611397601,0.54947872441435,0.325686232812682,0.451556262479026,0.512025642137815,0.245745882862682,0.463112634433546,0.53303351141421,0.312123427262682,0.45119144913433,0.483972922989521,0.366367270562681,0.558427163465345,0.53423552099678,0.392554201662682,0.51356106915606,0.557306597915925,0.446396637662682,0.536742247000605,0.550662678121965,0.51365212766268,0.484411461153391,0.551975359734585,0.56716701811268,0.56760438434728,0.509019032836575,0.64813977056268,0.55811200469006,0.53031166368554,0.76847640786268,0.482053586481003,0.44232927770413,0.231879627662682,0.53438437230322,0.441016596048211,0.285394518112682,0.51120436205052,0.436013026170567,0.352606809612682,0.556888275651015,0.456925992315217,0.406719280112682,0.45123800684025,0.51189380740166,0.432439740562682,0.460683828766547,0.462680292097254,0.486703907862682,0.449926834261083,0.484247229477051,0.55331103136268,0.481189719480599,0.443513231368447,0.60745873281268,0.50759147140609,0.55697892961223,0.63437930961268,0.461907557805593,0.53606596346758,0.68849178011268,0.484490717156056,0.550746542258005,0.75505616566268,0.534305116325555,0.442245413568092,0.473283665662682,0.567239570977585,0.480966313644981,0.52751838286268,0.55568319902306,0.459958444368588,0.59389592726268,0.460368669991265,0.458756434786014,0.67432670166268,0.50523476430055,0.435685357866872,0.72816913766268,0.56755782661636,0.481098148381137,0.71421224056268,0.465006419442102,0.52521174990253,0.0952942985329572,0.43853096048933,0.498768907756283,0.095195044389652,135.0,3.0,0.1417444
0.568868999220525,0.508744726349045,0.271538531362682,0.53760611397601,0.54947872441435,0.325686232812682,0.451556262479026,0.512025642137815,0.245745882862682,0.463112634433546,0.53303351141421,0.312123427262682,0.45119144913433,0.483972922989521,0.366367270562681,0.558427163465345,0.53423552099678,0.392554201662682,0.51356106915606,0.557306597915925,0.446396637662682,0.536742247000605,0.550662678121965,0.51365212766268,0.484411461153391,0.551975359734585,0.56716701811268,0.56760438434728,0.509019032836575,0.64813977056268,0.55811200469006,0.53031166368554,0.76847640786268,0.482053586481003,0.44232927770413,0.231879627662682,0.53438437230322,0.441016596048211,0.285394518112682,0.51120436205052,0.436013026170567,0.352606809612682,0.556888275651015,0.456925992315217,0.406719280112682,0.45123800684025,0.51189380740166,0.432439740562682,0.460683828766547,0.462680292097254,0.486703907862682,0.449926834261083,0.484247229477051,0.55331103136268,0.481189719480599,0.443513231368447,0.60745873281268,0.50759147140609,0.55697892961223,0.63437930961268,0.461907557805593,0.53606596346758,0.68849178011268,0.484490717156056,0.550746542258005,0.75505616566268,0.534305116325555,0.442245413568092,0.473283665662682,0.567239570977585,0.480966313644981,0.52751838286268,0.55568319902306,0.459958444368588,0.59389592726268,0.460368669991265,0.458756434786014,0.67432670166268,0.50523476430055,0.435685357866872,0.72816913766268,0.56755782661636,0.481098148381137,0.71421224056268,0.481593732656026,0.532680105640923,0.211490923250471,0.444174857677801,0.532702740832575,0.211595622477574,0.0,2.0,3.930087
0.568868999220525,0.508744726349045,0.271538531362682,0.53760611397601,0.54947872441435,0.325686232812682,0.451556262479026,0.512025642137815,0.245745882862682,0.463112634433546,0.53303351141421,0.312123427262682,0.45119144913433,0.483972922989521,0.366367270562681,0.558427163465345,0.53423552099678,0.392554201662682,0.51356106915606,0.557306597915925,0.446396637662682,0.536742247000605,0.550662678121965,0.51365212766268,0.484411461153391,0.551975359734585,0.56716701811268,0.56760438434728,0.509019032836575,0.64813977056268,0.55811200469006,0.53031166368554,0.76847640786268,0.482053586481003,0.44232927770413,0.231879627662682,0.53438437230322,0.441016596048211,0.285394518112682,0.51120436205052,0.436013026170567,0.352606809612682,0.556888275651015,0.456925992315217,0.406719280112682,0.45123800684025,0.51189380740166,0.432439740562682,0.460683828766547,0.462680292097254,0.486703907862682,0.449926834261083,0.484247229477051,0.55331103136268,0.481189719480599,0.443513231368447,0.60745873281268,0.50759147140609,0.55697892961223,0.63437930961268,0.461907557805593,0.53606596346758,0.68849178011268,0.484490717156056,0.550746542258005,0.75505616566268,0.534305116325555,0.442245413568092,0.473283665662682,0.567239570977585,0.480966313644981,0.52751838286268,0.55568319902306,0.459958444368588,0.59389592726268,0.460368669991265,0.458756434786014,0.67432670166268,0.50523476430055,0.435685357866872,0.72816913766268,0.56755782661636,0.481098148381137,0.71421224056268,0.481752445890623,0.532745188695622,0.186954820768605,0.444333570912398,0.532767823887274,0.187059519995708,0.0,2.5,1.5857058
0.568868999220525,0.508744726349045,0.271538531362682,0.53760611397601,0.54947872441435,0.325686232812682,0.451556262479026,0.512025642137815,0.245745882862682,0.463112634433546,0.53303351141421,0.312123427262682,0.45119144913433,0.483972922989521,0.366367270562681,0.558427163465345,0.53423552099678,0.392554201662682,0.51356106915606,0.557306597915925,0.446396637662682,0.536742247000605,0.550662678121965,0.51365212766268,0.484411461153391,0.551975359734585,0.56716701811268,0.56760438434728,0.509019032836575,0.64813977056268,0.55811200469006,0.53031166368554,0.76847640786268,0.482053586481003,0.44232927770413,0.231879627662682,0.53438437230322,0.441016596048211,0.285394518112682,0.51120436205052,0.436013026170567,0.352606809612682,0.556888275651015,0.456925992315217,0.406719280112682,0.45123800684025,0.51189380740166,0.432439740562682,0.460683828766547,0.462680292097254,0.486703907862682,0.449926834261083,0.484247229477051,0.55331103136268,0.481189719480599,0.443513231368447,0.60745873281268,0.50759147140609,0.55697892961223,0.63437930961268,0.461907557805593,0.53606596346758,0.68849178011268,0.484490717156056,0.550746542258005,0.75505616566268,0.534305116325555,0.442245413568092,0.473283665662682,0.567239570977585,0.480966313644981,0.52751838286268,0.55568319902306,0.459958444368588,0.59389592726268,0.460368669991265,0.458756434786014,0.67432670166268,0.50523476430055,0.435685357866872,0.72816913766268,0.56755782661636,0.481098148381137,0.71421224056268,0.481655397800276,0.532632291181282,0.162071091252675,0.444236522822051,0.532654926372934,0.162175790479778,0.0,3.0,1.36493
0.568868999220525,0.508744726349045,0.271538531362682,0.53760611397601,0.54947872441435,0.325686232812682,0.451556262479026,0.512025642137815,0.245745882862682,0.463112634433546,0.53303351141421,0.312123427262682,0.45119144913433,0.483972922989521,0.366367270562681,0.558427163465345,0.53423552099678,0.392554201662682,0.51356106915606,0.557306597915925,0.446396637662682,0.536742247000605,0.550662678121965,0.51365212766268,0.484411461153391,0.551975359734585,0.56716701811268,0.56760438434728,0.509019032836575,0.64813977056268,0.55811200469006,0.53031166368554,0.76847640786268,0.482053586481003,0.44232927770413,0.231879627662682,0.53438437230322,0.441016596048211,0.285394518112682,0.51120436205052,0.436013026170567,0.352606809612682,0.556888275651015,0.456925992315217,0.406719280112682,0.45123800684025,0.51189380740166,0.432439740562682,0.460683828766547,0.462680292097254,0.486703907862682,0.449926834261083,0.484247229477051,0.55331103136268,0.481189719480599,0.443513231368447,0.60745873281268,0.50759147140609,0.55697892961223,0.63437930961268,0.461907557805593,0.53606596346758,0.68849178011268,0.484490717156056,0.550746542258005,0.75505616566268,0.534305116325555,0.442245413568092,0.473283665662682,0.567239570977585,0.480966313644981,0.52751838286268,0.55568319902306,0.459958444368588,0.59389592726268,0.460368669991265,0.458756434786014,0.67432670166268,0.50523476430055,0.435685357866872,0.72816913766268,0.56755782661636,0.481098148381137,0.71421224056268,0.476106017069861,0.519453945608346,0.211508984561721,0.449662573263966,0.545928900865152,0.211577561166324,45.0,2.0,3.9917584
0.568868999220525,0.508744726349045,0.271538531362682,0.53760611397601,0.54947872441435,0.325686232812682,0.451556262479026,0.512025642137815,0.245745882862682,0.463112634433546,0.53303351141421,0.312123427262682,0.45119144913433,0.483972922989521,0.366367270562681,0.558427163465345,0.53423552099678,0.392554201662682,0.51356106915606,0.557306597915925,0.446396637662682,0.536742247000605,0.550662678121965,0.51365212766268,0.484411461153391,0.551975359734585,0.56716701811268,0.56760438434728,0.509019032836575,0.64813977056268,0.55811200469006,0.53031166368554,0.76847640786268,0.482053586481003,0.44232927770413,0.231879627662682,0.53438437230322,0.441016596048211,0.285394518112682,0.51120436205052,0.436013026170567,0.352606809612682,0.556888275651015,0.456925992315217,0.406719280112682,0.45123800684025,0.51189380740166,0.432439740562682,0.460683828766547,0.462680292097254,0.486703907862682,0.449926834261083,0.484247229477051,0.55331103136268,0.481189719480599,0.443513231368447,0.60745873281268,0.50759147140609,0.55697892961223,0.63437930961268,0.461907557805593,0.53606596346758,0.68849178011268,0.484490717156056,0.550746542258005,0.75505616566268,0.534305116325555,0.442245413568092,0.473283665662682,0.567239570977585,0.480966313644981,0.52751838286268,0.55568319902306,0.459958444368588,0.59389592726268,0.460368669991265,0.458756434786014,0.67432670166268,0.50523476430055,0.435685357866872,0.72816913766268,0.56755782661636,0.481098148381137,0.71421224056268,0.47626472254047,0.519519413331912,0.186899629983834,0.449821294262551,0.545993599250984,0.187114710780479,45.0,2.5,1.7510598
0.568868999220525,0.508744726349045,0.271538531362682,0.53760611397601,0.54947872441435,0.325686232812682,0.451556262479026,0.512025642137815,0.245745882862682,0.463112634433546,0.53303351141421,0.312123427262682,0.45119144913433,0.483972922989521,0.366367270562681,0.558427163465345,0.53423552099678,0.392554201662682,0.51356106915606,0.557306597915925,0.446396637662682,0.536742247000605,0.550662678121965,0.51365212766268,0.484411461153391,0.551975359734585,0.56716701811268,0.56760438434728,0.509019032836575,0.64813977056268,0.55811200469006,0.53031166368554,0.76847640786268,0.482053586481003,0.44232927770413,0.231879627662682,0.53438437230322,0.441016596048211,0.285394518112682,0.51120436205052,0.436013026170567,0.352606809612682,0.556888275651015,0.456925992315217,0.406719280112682,0.45123800684025,0.51189380740166,0.432439740562682,0.460683828766547,0.462680292097254,0.486703907862682,0.449926834261083,0.484247229477051,0.55331103136268,0.481189719480599,0.443513231368447,0.60745873281268,0.50759147140609,0.55697892961223,0.63437930961268,0.461907557805593,0.53606596346758,0.68849178011268,0.484490717156056,0.550746542258005,0.75505616566268,0.534305116325555,0.442245413568092,0.473283665662682,0.567239570977585,0.480966313644981,0.52751838286268,0.55568319902306,0.459958444368588,0.59389592726268,0.460368669991265,0.458756434786014,0.67432670166268,0.50523476430055,0.435685357866872,0.72816913766268,0.56755782661636,0.481098148381137,0.71421224056268,0.476167213303416,0.519546155831378,0.162121083986682,0.449723867795907,0.546021297805458,0.162124923116492,45.0,3.0,1.4147098
0.568868999220525,0.508744726349045,0.271538531362682,0.53760611397601,0.54947872441435,0.325686232812682,0.451556262479026,0.512025642137815,0.245745882862682,0.463112634433546,0.53303351141421,0.312123427262682,0.45119144913433,0.483972922989521,0.366367270562681,0.558427163465345,0.53423552099678,0.392554201662682,0.51356106915606,0.557306597915925,0.446396637662682,0.536742247000605,0.550662678121965,0.51365212766268,0.484411461153391,0.551975359734585,0.56716701811268,0.56760438434728,0.509019032836575,0.64813977056268,0.55811200469006,0.53031166368554,0.76847640786268,0.482053586481003,0.44232927770413,0.231879627662682,0.53438437230322,0.441016596048211,0.285394518112682,0.51120436205052,0.436013026170567,0.352606809612682,0.556888275651015,0.456925992315217,0.406719280112682,0.45123800684025,0.51189380740166,0.432439740562682,0.460683828766547,0.462680292097254,0.486703907862682,0.449926834261083,0.484247229477051,0.55331103136268,0.481189719480599,0.443513231368447,0.60745873281268,0.50759147140609,0.55697892961223,0.63437930961268,0.461907557805593,0.53606596346758,0.68849178011268,0.484490717156056,0.550746542258005,0.75505616566268,0.534305116325555,0.442245413568092,0.473283665662682,0.567239570977585,0.480966313644981,0.52751838286268,0.55568319902306,0.459958444368588,0.59389592726268,0.460368669991265,0.458756434786014,0.67432670166268,0.50523476430055,0.435685357866872,0.72816913766268,0.56755782661636,0.481098148381137,0.71421224056268,0.462873946485901,0.514762738068684,0.211461318005565,0.462896170436799,0.552181356479533,0.211635045479896,90.0,2.0,8.27855
0.568868999220525,0.508744726349045,0.271538531362682,0.53760611397601,0.54947872441435,0.325686232812682,0.451556262479026,0.512025642137815,0.245745882862682,0.463112634433546,0.53303351141421,0.312123427262682,0.45119144913433,0.483972922989521,0.366367270562681,0.558427163465345,0.53423552099678,0.392554201662682,0.51356106915606,0.557306597915925,0.446396637662682,0.536742247000605,0.550662678121965,0.51365212766268,0.484411461153391,0.551975359734585,0.56716701811268,0.56760438434728,0.509019032836575,0.64813977056268,0.55811200469006,0.53031166368554,0.76847640786268,0.482053586481003,0.44232927770413,0.231879627662682,0.53438437230322,0.441016596048211,0.285394518112682,0.51120436205052,0.436013026170567,0.352606809612682,0.556888275651015,0.456925992315217,0.406719280112682,0.45123800684025,0.51189380740166,0.432439740562682,0.460683828766547,0.462680292097254,0.486703907862682,0.449926834261083,0.484247229477051,0.55331103136268,0.481189719480599,0.443513231368447,0.60745873281268,0.50759147140609,0.55697892961223,0.63437930961268,0.461907557805593,0.53606596346758,0.68849178011268,0.484490717156056,0.550746542258005,0.75505616566268,0.534305116325555,0.442245413568092,0.473283665662682,0.567239570977585,0.480966313644981,0.52751838286268,0.55568319902306,0.459958444368588,0.59389592726268,0.460368669991265,0.458756434786014,0.67432670166268,0.50523476430055,0.435685357866872,0.72816913766268,0.56755782661636,0.481098148381137,0.71421224056268,0.463032125046082,0.514047679708849,0.186847141685248,0.463053891756939,0.551465332874047,0.187167199079066,90.0,2.5,2.3055382
0.568868999220525,0.508744726349045,0.271538531362682,0.53760611397601,0.54947872441435,0.325686232812682,0.451556262479026,0.512025642137815,0.245745882862682,0.463112634433546,0.53303351141421,0.312123427262682,0.45119144913433,0.483972922989521,0.366367270562681,0.558427163465345,0.53423552099678,0.392554201662682,0.51356106915606,0.557306597915925,0.446396637662682,0.536742247000605,0.550662678121965,0.51365212766268,0.484411461153391,0.551975359734585,0.56716701811268,0.56760438434728,0.509019032836575,0.64813977056268,0.55811200469006,0.53031166368554,0.76847640786268,0.482053586481003,0.44232927770413,0.231879627662682,0.53438437230322,0.441016596048211,0.285394518112682,0.51120436205052,0.436013026170567,0.352606809612682,0.556888275651015,0.456925992315217,0.406719280112682,0.45123800684025,0.51189380740166,0.432439740562682,0.460683828766547,0.462680292097254,0.486703907862682,0.449926834261083,0.484247229477051,0.55331103136268,0.481189719480599,0.443513231368447,0.60745873281268,0.50759147140609,0.55697892961223,0.63437930961268,0.461907557805593,0.53606596346758,0.68849178011268,0.484490717156056,0.550746542258005,0.75505616566268,0.534305116325555,0.442245413568092,0.473283665662682,0.567239570977585,0.480966313644981,0.52751838286268,0.55568319902306,0.459958444368588,0.59389592726268,0.460368669991265,0.458756434786014,0.67432670166268,0.50523476430055,0.435685357866872,0.72816913766268,0.56755782661636,0.481098148381137,0.71421224056268,0.462934299596048,0.514074216178257,0.162120772923211,0.462956781503275,0.551493237458579,0.162125234179963,90.0,3.0,1.4843668
0.568868999220525,0.508744726349045,0.271538531362682,0.53760611397601,0.54947872441435,0.325686232812682,0.451556262479026,0.512025642137815,0.245745882862682,0.463112634433546,0.53303351141421,0.312123427262682,0.45119144913433,0.483972922989521,0.366367270562681,0.558427163465345,0.53423552099678,0.392554201662682,0.51356106915606,0.557306597915925,0.446396637662682,0.536742247000605,0.550662678121965,0.51365212766268,0.484411461153391,0.551975359734585,0.56716701811268,0.56760438434728,0.509019032836575,0.64813977056268,0.55811200469006,0.53031166368554,0.76847640786268,0.482053586481003,0.44232927770413,0.231879627662682,0.53438437230322,0.441016596048211,0.285394518112682,0.51120436205052,0.436013026170567,0.352606809612682,0.556888275651015,0.456925992315217,0.406719280112682,0.45123800684025,0.51189380740166,0.432439740562682,0.460683828766547,0.462680292097254,0.486703907862682,0.449926834261083,0.484247229477051,0.55331103136268,0.481189719480599,0.443513231368447,0.60745873281268,0.50759147140609,0.55697892961223,0.63437930961268,0.461907557805593,0.53606596346758,0.68849178011268,0.484490717156056,0.550746542258005,0.75505616566268,0.534305116325555,0.442245413568092,0.473283665662682,0.567239570977585,0.480966313644981,0.52751838286268,0.55568319902306,0.459958444368588,0.59389592726268,0.460368669991265,0.458756434786014,0.67432670166268,0.50523476430055,0.435685357866872,0.72816913766268,0.56755782661636,0.481098148381137,0.71421224056268,0.449647603095372,0.520250513543712,0.211466078279146,0.476122513827328,0.546693581004505,0.211630285206314,135.0,2.0,8.0584686
0.568868999220525,0.508744726349045,0.271538531362682,0.53760611397601,0.54947872441435,0.325686232812682,0.451556262479026,0.512025642137815,0.245745882862682,0.463112634433546,0.53303351141421,0.312123427262682,0.45119144913433,0.483972922989521,0.366367270562681,0.558427163465345,0.53423552099678,0.392554201662682,0.51356106915606,0.557306597915925,0.446396637662682,0.536742247000605,0.550662678121965,0.51365212766268,0.484411461153391,0.551975359734585,0.56716701811268,0.56760438434728,0.509019032836575,0.64813977056268,0.55811200469006,0.53031166368554,0.76847640786268,0.482053586481003,0.44232927770413,0.231879627662682,0.53438437230322,0.441016596048211,0.285394518112682,0.51120436205052,0.436013026170567,0.352606809612682,0.556888275651015,0.456925992315217,0.406719280112682,0.45123800684025,0.51189380740166,0.432439740562682,0.460683828766547,0.462680292097254,0.486703907862682,0.449926834261083,0.484247229477051,0.55331103136268,0.481189719480599,0.443513231368447,0.60745873281268,0.50759147140609,0.55697892961223,0.63437930961268,0.461907557805593,0.53606596346758,0.68849178011268,0.484490717156056,0.550746542258005,0.75505616566268,0.534305116325555,0.442245413568092,0.473283665662682,0.567239570977585,0.480966313644981,0.52751838286268,0.55568319902306,0.459958444368588,0.59389592726268,0.460368669991265,0.458756434786014,0.67432670166268,0.50523476430055,0.435685357866872,0.72816913766268,0.56755782661636,0.481098148381137,0.71421224056268,0.449806471211573,0.519534516255688,0.18686939359643,0.476279545591448,0.545978496327208,0.187144947167884,135.0,2.5,2.118571
0.568868999220525,0.508744726349045,0.271538531362682,0.53760611397601,0.54947872441435,0.325686232812682,0.451556262479026,0.512025642137815,0.245745882862682,0.463112634433546,0.53303351141421,0.312123427262682,0.45119144913433,0.483972922989521,0.366367270562681,0.558427163465345,0.53423552099678,0.392554201662682,0.51356106915606,0.557306597915925,0.446396637662682,0.536742247000605,0.550662678121965,0.51365212766268,0.484411461153391,0.551975359734585,0.56716701811268,0.56760438434728,0.509019032836575,0.64813977056268,0.55811200469006,0.53031166368554,0.76847640786268,0.482053586481003,0.44232927770413,0.231879627662682,0.53438437230322,0.441016596048211,0.285394518112682,0.51120436205052,0.436013026170567,0.352606809612682,0.556888275651015,0.456925992315217,0.406719280112682,0.45123800684025,0.51189380740166,0.432439740562682,0.460683828766547,0.462680292097254,0.486703907862682,0.449926834261083,0.484247229477051,0.55331103136268,0.481189719480599,0.443513231368447,0.60745873281268,0.50759147140609,0.55697892961223,0.63437930961268,0.461907557805593,0.53606596346758,0.68849178011268,0.484490717156056,0.550746542258005,0.75505616566268,0.534305116325555,0.442245413568092,0.473283665662682,0.567239570977585,0.480966313644981,0.52751838286268,0.55568319902306,0.459958444368588,0.59389592726268,0.460368669991265,0.458756434786014,0.67432670166268,0.50523476430055,0.435685357866872,0.72816913766268,0.56755782661636,0.481098148381137,0.71421224056268,0.449708003987267,0.51956201996175,0.162119358738796,0.476183077112056,0.546005433675085,0.162126648364378,135.0,3.0,1.4312452
0.568868999220525,0.508744726349045,0.271538531362682,0.53760611397601,0.54947872441435,0.325686232812682,0.451556262479026,0.512025642137815,0.245745882862682,0.463112634433546,0.53303351141421,0.312123427262682,0.45119144913433,0.483972922989521,0.366367270562681,0.558427163465345,0.53423552099678,0.392554201662682,0.51356106915606,0.557306597915925,0.446396637662682,0.536742247000605,0.550662678121965,0.51365212766268,0.484411461153391,0.551975359734585,0.56716701811268,0.56760438434728,0.509019032836575,0.64813977056268,0.55811200469006,0.53031166368554,0.76847640786268,0.482053586481003,0.44232927770413,0.231879627662682,0.53438437230322,0.441016596048211,0.285394518112682,0.51120436205052,0.436013026170567,0.352606809612682,0.556888275651015,0.456925992315217,0.406719280112682,0.45123800684025,0.51189380740166,0.432439740562682,0.460683828766547,0.462680292097254,0.486703907862682,0.449926834261083,0.484247229477051,0.55331103136268,0.481189719480599,0.443513231368447,0.60745873281268,0.50759147140609,0.55697892961223,0.63437930961268,0.461907557805593,0.53606596346758,0.68849178011268,0.484490717156056,0.550746542258005,0.75505616566268,0.534305116325555,0.442245413568092,0.473283665662682,0.567239570977585,0.480966313644981,0.52751838286268,0.55568319902306,0.459958444368588,0.59389592726268,0.460368669991265,0.458756434786014,0.67432670166268,0.50523476430055,0.435685357866872,0.72816913766268,0.56755782661636,0.481098148381137,0.71421224056268,0.556369119543339,0.549073341661844,0.275752416624925,0.518950244565115,0.549095976853497,0.275857115852028,0.0,1.0,10.9016026
0.568868999220525,0.508744726349045,0.271538531362682,0.53760611397601,0.54947872441435,0.325686232812682,0.451556262479026,0.512025642137815,0.245745882862682,0.463112634433546,0.53303351141421,0.312123427262682,0.45119144913433,0.483972922989521,0.366367270562681,0.558427163465345,0.53423552099678,0.392554201662682,0.51356106915606,0.557306597915925,0.446396637662682,0.536742247000605,0.550662678121965,0.51365212766268,0.484411461153391,0.551975359734585,0.56716701811268,0.56760438434728,0.509019032836575,0.64813977056268,0.55811200469006,0.53031166368554,0.76847640786268,0.482053586481003,0.44232927770413,0.231879627662682,0.53438437230322,0.441016596048211,0.285394518112682,0.51120436205052,0.436013026170567,0.352606809612682,0.556888275651015,0.456925992315217,0.406719280112682,0.45123800684025,0.51189380740166,0.432439740562682,0.460683828766547,0.462680292097254,0.486703907862682,0.449926834261083,0.484247229477051,0.55331103136268,0.481189719480599,0.443513231368447,0.60745873281268,0.50759147140609,0.55697892961223,0.63437930961268,0.461907557805593,0.53606596346758,0.68849178011268,0.484490717156056,0.550746542258005,0.75505616566268,0.534305116325555,0.442245413568092,0.473283665662682,0.567239570977585,0.480966313644981,0.52751838286268,0.55568319902306,0.459958444368588,0.59389592726268,0.460368669991265,0.458756434786014,0.67432670166268,0.50523476430055,0.435685357866872,0.72816913766268,0.56755782661636,0.481098148381137,0.71421224056268,0.556250295771075,0.549019992137195,0.250635663637012,0.518831420792851,0.549042627328848,0.250740362864115,0.0,1.5,4.4538816
0.568868999220525,0.508744726349045,0.271538531362682,0.53760611397601,0.54947872441435,0.325686232812682,0.451556262479026,0.512025642137815,0.245745882862682,0.463112634433546,0.53303351141421,0.312123427262682,0.45119144913433,0.483972922989521,0.366367270562681,0.558427163465345,0.53423552099678,0.392554201662682,0.51356106915606,0.557306597915925,0.446396637662682,0.536742247000605,0.550662678121965,0.51365212766268,0.484411461153391,0.551975359734585,0.56716701811268,0.56760438434728,0.509019032836575,0.64813977056268,0.55811200469006,0.53031166368554,0.76847640786268,0.482053586481003,0.44232927770413,0.231879627662682,0.53438437230322,0.441016596048211,0.285394518112682,0.51120436205052,0.436013026170567,0.352606809612682,0.556888275651015,0.456925992315217,0.406719280112682,0.45123800684025,0.51189380740166,0.432439740562682,0.460683828766547,0.462680292097254,0.486703907862682,0.449926834261083,0.484247229477051,0.55331103136268,0.481189719480599,0.443513231368447,0.60745873281268,0.50759147140609,0.55697892961223,0.63437930961268,0.461907557805593,0.53606596346758,0.68849178011268,0.484490717156056,0.550746542258005,0.75505616566268,0.534305116325555,0.442245413568092,0.473283665662682,0.567239570977585,0.480966313644981,0.52751838286268,0.55568319902306,0.459958444368588,0.59389592726268,0.460368669991265,0.458756434786014,0.67432670166268,0.50523476430055,0.435685357866872,0.72816913766268,0.56755782661636,0.481098148381137,0.71421224056268,0.556284838224045,0.548941949657189,0.225609574324641,0.518865963245821,0.548964584848842,0.225714273551744,0.0,2.0,1.2724012
0.568868999220525,0.508744726349045,0.271538531362682,0.53760611397601,0.54947872441435,0.325686232812682,0.451556262479026,0.512025642137815,0.245745882862682,0.463112634433546,0.53303351141421,0.312123427262682,0.45119144913433,0.483972922989521,0.366367270562681,0.558427163465345,0.53423552099678,0.392554201662682,0.51356106915606,0.557306597915925,0.446396637662682,0.536742247000605,0.550662678121965,0.51365212766268,0.484411461153391,0.551975359734585,0.56716701811268,0.56760438434728,0.509019032836575,0.64813977056268,0.55811200469006,0.53031166368554,0.76847640786268,0.482053586481003,0.44232927770413,0.231879627662682,0.53438437230322,0.441016596048211,0.285394518112682,0.51120436205052,0.436013026170567,0.352606809612682,0.556888275651015,0.456925992315217,0.406719280112682,0.45123800684025,0.51189380740166,0.432439740562682,0.460683828766547,0.462680292097254,0.486703907862682,0.449926834261083,0.484247229477051,0.55331103136268,0.481189719480599,0.443513231368447,0.60745873281268,0.50759147140609,0.55697892961223,0.63437930961268,0.461907557805593,0.53606596346758,0.68849178011268,0.484490717156056,0.550746542258005,0.75505616566268,0.534305116325555,0.442245413568092,0.473283665662682,0.567239570977585,0.480966313644981,0.52751838286268,0.55568319902306,0.459958444368588,0.59389592726268,0.460368669991265,0.458756434786014,0.67432670166268,0.50523476430055,0.435685357866872,0.72816913766268,0.56755782661636,0.481098148381137,0.71421224056268,0.556454791103253,0.549002180719316,0.200279648353633,0.519035916125029,0.549024815910969,0.200384347580736,0.0,2.5,1.0200736
0.568868999220525,0.508744726349045,0.271538531362682,0.53760611397601,0.54947872441435,0.325686232812682,0.451556262479026,0.512025642137815,0.245745882862682,0.463112634433546,0.53303351141421,0.312123427262682,0.45119144913433,0.483972922989521,0.366367270562681,0.558427163465345,0.53423552099678,0.392554201662682,0.51356106915606,0.557306597915925,0.446396637662682,0.536742247000605,0.550662678121965,0.51365212766268,0.484411461153391,0.551975359734585,0.56716701811268,0.56760438434728,0.509019032836575,0.64813977056268,0.55811200469006,0.53031166368554,0.76847640786268,0.482053586481003,0.44232927770413,0.231879627662682,0.53438437230322,0.441016596048211,0.285394518112682,0.51120436205052,0.436013026170567,0.352606809612682,0.556888275651015,0.456925992315217,0.406719280112682,0.45123800684025,0.51189380740166,0.432439740562682,0.460683828766547,0.462680292097254,0.486703907862682,0.449926834261083,0.484247229477051,0.55331103136268,0.481189719480599,0.443513231368447,0.60745873281268,0.50759147140609,0.55697892961223,0.63437930961268,0.461907557805593,0.53606596346758,0.68849178011268,0.484490717156056,0.550746542258005,0.75505616566268,0.534305116325555,0.442245413568092,0.473283665662682,0.567239570977585,0.480966313644981,0.52751838286268,0.55568319902306,0.459958444368588,0.59389592726268,0.460368669991265,0.458756434786014,0.67432670166268,0.50523476430055,0.435685357866872,0.72816913766268,0.56755782661636,0.481098148381137,0.71421224056268,0.556563767751161,0.54913300845893,0.175514432141176,0.519144892772937,0.549155643650583,0.175619131368279,0.0,3.0,0.6098134
0.568868999220525,0.508744726349045,0.271538531362682,0.53760611397601,0.54947872441435,0.325686232812682,0.451556262479026,0.512025642137815,0.245745882862682,0.463112634433546,0.53303351141421,0.312123427262682,0.45119144913433,0.483972922989521,0.366367270562681,0.558427163465345,0.53423552099678,0.392554201662682,0.51356106915606,0.557306597915925,0.446396637662682,0.536742247000605,0.550662678121965,0.51365212766268,0.484411461153391,0.551975359734585,0.56716701811268,0.56760438434728,0.509019032836575,0.64813977056268,0.55811200469006,0.53031166368554,0.76847640786268,0.482053586481003,0.44232927770413,0.231879627662682,0.53438437230322,0.441016596048211,0.285394518112682,0.51120436205052,0.436013026170567,0.352606809612682,0.556888275651015,0.456925992315217,0.406719280112682,0.45123800684025,0.51189380740166,0.432439740562682,0.460683828766547,0.462680292097254,0.486703907862682,0.449926834261083,0.484247229477051,0.55331103136268,0.481189719480599,0.443513231368447,0.60745873281268,0.50759147140609,0.55697892961223,0.63437930961268,0.461907557805593,0.53606596346758,0.68849178011268,0.484490717156056,0.550746542258005,0.75505616566268,0.534305116325555,0.442245413568092,0.473283665662682,0.567239570977585,0.480966313644981,0.52751838286268,0.55568319902306,0.459958444368588,0.59389592726268,0.460368669991265,0.458756434786014,0.67432670166268,0.50523476430055,0.435685357866872,0.72816913766268,0.56755782661636,0.481098148381137,0.71421224056268,0.550762606393081,0.535794011477032,0.250615684161578,0.524319110170845,0.562268607989011,0.250760342339549,45.0,1.5,7.6867042
0.568868999220525,0.508744726349045,0.271538531362682,0.53760611397601,0.54947872441435,0.325686232812682,0.451556262479026,0.512025642137815,0.245745882862682,0.463112634433546,0.53303351141421,0.312123427262682,0.45119144913433,0.483972922989521,0.366367270562681,0.558427163465345,0.53423552099678,0.392554201662682,0.51356106915606,0.557306597915925,0.446396637662682,0.536742247000605,0.550662678121965,0.51365212766268,0.484411461153391,0.551975359734585,0.56716701811268,0.56760438434728,0.509019032836575,0.64813977056268,0.55811200469006,0.53031166368554,0.76847640786268,0.482053586481003,0.44232927770413,0.231879627662682,0.53438437230322,0.441016596048211,0.285394518112682,0.51120436205052,0.436013026170567,0.352606809612682,0.556888275651015,0.456925992315217,0.406719280112682,0.45123800684025,0.51189380740166,0.432439740562682,0.460683828766547,0.462680292097254,0.486703907862682,0.449926834261083,0.484247229477051,0.55331103136268,0.481189719480599,0.443513231368447,0.60745873281268,0.50759147140609,0.55697892961223,0.63437930961268,0.461907557805593,0.53606596346758,0.68849178011268,0.484490717156056,0.550746542258005,0.75505616566268,0.534305116325555,0.442245413568092,0.473283665662682,0.567239570977585,0.480966313644981,0.52751838286268,0.55568319902306,0.459958444368588,0.59389592726268,0.460368669991265,0.458756434786014,0.67432670166268,0.50523476430055,0.435685357866872,0.72816913766268,0.56755782661636,0.481098148381137,0.71421224056268,0.550796880710451,0.535715768842348,0.225578121709461,0.524353920759415,0.562190765663684,0.225745726166924,45.0,2.0,1.7448102
0.568868999220525,0.508744726349045,0.271538531362682,0.53760611397601,0.54947872441435,0.325686232812682,0.451556262479026,0.512025642137815,0.245745882862682,0.463112634433546,0.53303351141421,0.312123427262682,0.45119144913433,0.483972922989521,0.366367270562681,0.558427163465345,0.53423552099678,0.392554201662682,0.51356106915606,0.557306597915925,0.446396637662682,0.536742247000605,0.550662678121965,0.51365212766268,0.484411461153391,0.551975359734585,0.56716701811268,0.56760438434728,0.509019032836575,0.64813977056268,0.55811200469006,0.53031166368554,0.76847640786268,0.482053586481003,0.44232927770413,0.231879627662682,0.53438437230322,0.441016596048211,0.285394518112682,0.51120436205052,0.436013026170567,0.352606809612682,0.556888275651015,0.456925992315217,0.406719280112682,0.45123800684025,0.51189380740166,0.432439740562682,0.460683828766547,0.462680292097254,0.486703907862682,0.449926834261083,0.484247229477051,0.55331103136268,0.481189719480599,0.443513231368447,0.60745873281268,0.50759147140609,0.55697892961223,0.63437930961268,0.461907557805593,0.53606596346758,0.68849178011268,0.484490717156056,0.550746542258005,0.75505616566268,0.534305116325555,0.442245413568092,0.473283665662682,0.567239570977585,0.480966313644981,0.52751838286268,0.55568319902306,0.459958444368588,0.59389592726268,0.460368669991265,0.458756434786014,0.67432670166268,0.50523476430055,0.435685357866872,0.72816913766268,0.56755782661636,0.481098148381137,0.71421224056268,0.550967021645703,0.535776080334796,0.200267349643372,0.524523685582579,0.562250916295489,0.200396646290997,45.0,2.5,1.1343024
0.568868999220525,0.508744726349045,0.271538531362682,0.53760611397601,0.54947872441435,0.325686232812682,0.451556262479026,0.512025642137815,0.245745882862682,0.463112634433546,0.53303351141421,0.312123427262682,0.45119144913433,0.483972922989521,0.366367270562681,0.558427163465345,0.53423552099678,0.392554201662682,0.51356106915606,0.557306597915925,0.446396637662682,0.536742247000605,0.550662678121965,0.51365212766268,0.484411461153391,0.551975359734585,0.56716701811268,0.56760438434728,0.509019032836575,0.64813977056268,0.55811200469006,0.53031166368554,0.76847640786268,0.482053586481003,0.44232927770413,0.231879627662682,0.53438437230322,0.441016596048211,0.285394518112682,0.51120436205052,0.436013026170567,0.352606809612682,0.556888275651015,0.456925992315217,0.406719280112682,0.45123800684025,0.51189380740166,0.432439740562682,0.460683828766547,0.462680292097254,0.486703907862682,0.449926834261083,0.484247229477051,0.55331103136268,0.481189719480599,0.443513231368447,0.60745873281268,0.50759147140609,0.55697892961223,0.63437930961268,0.461907557805593,0.53606596346758,0.68849178011268,0.484490717156056,0.550746542258005,0.75505616566268,0.534305116325555,0.442245413568092,0.473283665662682,0.567239570977585,0.480966313644981,0.52751838286268,0.55568319902306,0.459958444368588,0.59389592726268,0.460368669991265,0.458756434786014,0.67432670166268,0.50523476430055,0.435685357866872,0.72816913766268,0.56755782661636,0.481098148381137,0.71421224056268,0.551075991266319,0.535906838767361,0.17551647933728,0.524632669257779,0.562381813342152,0.175617084172175,45.0,3.0,0.6506962
0.568868999220525,0.508744726349045,0.271538531362682,0.53760611397601,0.54947872441435,0.325686232812682,0.451556262479026,0.512025642137815,0.245745882862682,0.463112634433546,0.53303351141421,0.312123427262682,0.45119144913433,0.483972922989521,0.366367270562681,0.558427163465345,0.53423552099678,0.392554201662682,0.51356106915606,0.557306597915925,0.446396637662682,0.536742247000605,0.550662678121965,0.51365212766268,0.484411461153391,0.551975359734585,0.56716701811268,0.56760438434728,0.509019032836575,0.64813977056268,0.55811200469006,0.53031166368554,0.76847640786268,0.482053586481003,0.44232927770413,0.231879627662682,0.53438437230322,0.441016596048211,0.285394518112682,0.51120436205052,0.436013026170567,0.352606809612682,0.556888275651015,0.456925992315217,0.406719280112682,0.45123800684025,0.51189380740166,0.432439740562682,0.460683828766547,0.462680292097254,0.486703907862682,0.449926834261083,0.484247229477051,0.55331103136268,0.481189719480599,0.443513231368447,0.60745873281268,0.50759147140609,0.55697892961223,0.63437930961268,0.461907557805593,0.53606596346758,0.68849178011268,0.484490717156056,0.550746542258005,0.75505616566268,0.534305116325555,0.442245413568092,0.473283665662682,0.567239570977585,0.480966313644981,0.52751838286268,0.55568319902306,0.459958444368588,0.59389592726268,0.460368669991265,0.458756434786014,0.67432670166268,0.50523476430055,0.435685357866872,0.72816913766268,0.56755782661636,0.481098148381137,0.71421224056268,0.537648505731436,0.53037537785588,0.275712115024584,0.537670858377018,0.567793940659461,0.275897417452369,90.0,1.0,11.8666884
0.568868999220525,0.508744726349045,0.271538531362682,0.53760611397601,0.54947872441435,0.325686232812682,0.451556262479026,0.512025642137815,0.245745882862682,0.463112634433546,0.53303351141421,0.312123427262682,0.45119144913433,0.483972922989521,0.366367270562681,0.558427163465345,0.53423552099678,0.392554201662682,0.51356106915606,0.557306597915925,0.446396637662682,0.536742247000605,0.550662678121965,0.51365212766268,0.484411461153391,0.551975359734585,0.56716701811268,0.56760438434728,0.509019032836575,0.64813977056268,0.55811200469006,0.53031166368554,0.76847640786268,0.482053586481003,0.44232927770413,0.231879627662682,0.53438437230322,0.441016596048211,0.285394518112682,0.51120436205052,0.436013026170567,0.352606809612682,0.556888275651015,0.456925992315217,0.406719280112682,0.45123800684025,0.51189380740166,0.432439740562682,0.460683828766547,0.462680292097254,0.486703907862682,0.449926834261083,0.484247229477051,0.55331103136268,0.481189719480599,0.443513231368447,0.60745873281268,0.50759147140609,0.55697892961223,0.63437930961268,0.461907557805593,0.53606596346758,0.68849178011268,0.484490717156056,0.550746542258005,0.75505616566268,0.534305116325555,0.442245413568092,0.473283665662682,0.567239570977585,0.480966313644981,0.52751838286268,0.55568319902306,0.459958444368588,0.59389592726268,0.460368669991265,0.458756434786014,0.67432670166268,0.50523476430055,0.435685357866872,0.72816913766268,0.56755782661636,0.481098148381137,0.71421224056268,0.537529762881141,0.530321908728699,0.250623898661542,0.537551953682785,0.567740710737344,0.250752127839585,90.0,1.5,5.7215088
0.568868999220525,0.508744726349045,0.271538531362682,0.53760611397601,0.54947872441435,0.325686232812682,0.451556262479026,0.512025642137815,0.245745882862682,0.463112634433546,0.53303351141421,0.312123427262682,0.45119144913433,0.483972922989521,0.366367270562681,0.558427163465345,0.53423552099678,0.392554201662682,0.51356106915606,0.557306597915925,0.446396637662682,0.536742247000605,0.550662678121965,0.51365212766268,0.484411461153391,0.551975359734585,0.56716701811268,0.56760438434728,0.509019032836575,0.64813977056268,0.55811200469006,0.53031166368554,0.76847640786268,0.482053586481003,0.44232927770413,0.231879627662682,0.53438437230322,0.441016596048211,0.285394518112682,0.51120436205052,0.436013026170567,0.352606809612682,0.556888275651015,0.456925992315217,0.406719280112682,0.45123800684025,0.51189380740166,0.432439740562682,0.460683828766547,0.462680292097254,0.486703907862682,0.449926834261083,0.484247229477051,0.55331103136268,0.481189719480599,0.443513231368447,0.60745873281268,0.50759147140609,0.55697892961223,0.63437930961268,0.461907557805593,0.53606596346758,0.68849178011268,0.484490717156056,0.550746542258005,0.75505616566268,0.534305116325555,0.442245413568092,0.473283665662682,0.567239570977585,0.480966313644981,0.52751838286268,0.55568319902306,0.459958444368588,0.59389592726268,0.460368669991265,0.458756434786014,0.67432670166268,0.50523476430055,0.435685357866872,0.72816913766268,0.56755782661636,0.481098148381137,0.71421224056268,0.53756395103814,0.530243914902146,0.225584961320942,0.537586850431726,0.567662619603886,0.225738886555443,90.0,2.0,1.7448102
0.568868999220525,0.508744726349045,0.271538531362682,0.53760611397601,0.54947872441435,0.325686232812682,0.451556262479026,0.512025642137815,0.245745882862682,0.463112634433546,0.53303351141421,0.312123427262682,0.45119144913433,0.483972922989521,0.366367270562681,0.558427163465345,0.53423552099678,0.392554201662682,0.51356106915606,0.557306597915925,0.446396637662682,0.536742247000605,0.550662678121965,0.51365212766268,0.484411461153391,0.551975359734585,0.56716701811268,0.56760438434728,0.509019032836575,0.64813977056268,0.55811200469006,0.53031166368554,0.76847640786268,0.482053586481003,0.44232927770413,0.231879627662682,0.53438437230322,0.441016596048211,0.285394518112682,0.51120436205052,0.436013026170567,0.352606809612682,0.556888275651015,0.456925992315217,0.406719280112682,0.45123800684025,0.51189380740166,0.432439740562682,0.460683828766547,0.462680292097254,0.486703907862682,0.449926834261083,0.484247229477051,0.55331103136268,0.481189719480599,0.443513231368447,0.60745873281268,0.50759147140609,0.55697892961223,0.63437930961268,0.461907557805593,0.53606596346758,0.68849178011268,0.484490717156056,0.550746542258005,0.75505616566268,0.534305116325555,0.442245413568092,0.473283665662682,0.567239570977585,0.480966313644981,0.52751838286268,0.55568319902306,0.459958444368588,0.59389592726268,0.460368669991265,0.458756434786014,0.67432670166268,0.50523476430055,0.435685357866872,0.72816913766268,0.56755782661636,0.481098148381137,0.71421224056268,0.537734443461793,0.530304465036095,0.200198302563144,0.537756263766489,0.56772253159419,0.200465693371225,90.0,2.5,1.3451396
0.568868999220525,0.508744726349045,0.271538531362682,0.53760611397601,0.54947872441435,0.325686232812682,0.451556262479026,0.512025642137815,0.245745882862682,0.463112634433546,0.53303351141421,0.312123427262682,0.45119144913433,0.483972922989521,0.366367270562681,0.558427163465345,0.53423552099678,0.392554201662682,0.51356106915606,0.557306597915925,0.446396637662682,0.536742247000605,0.550662678121965,0.51365212766268,0.484411461153391,0.551975359734585,0.56716701811268,0.56760438434728,0.509019032836575,0.64813977056268,0.55811200469006,0.53031166368554,0.76847640786268,0.482053586481003,0.44232927770413,0.231879627662682,0.53438437230322,0.441016596048211,0.285394518112682,0.51120436205052,0.436013026170567,0.352606809612682,0.556888275651015,0.456925992315217,0.406719280112682,0.45123800684025,0.51189380740166,0.432439740562682,0.460683828766547,0.462680292097254,0.486703907862682,0.449926834261083,0.484247229477051,0.55331103136268,0.481189719480599,0.443513231368447,0.60745873281268,0.50759147140609,0.55697892961223,0.63437930961268,0.461907557805593,0.53606596346758,0.68849178011268,0.484490717156056,0.550746542258005,0.75505616566268,0.534305116325555,0.442245413568092,0.473283665662682,0.567239570977585,0.480966313644981,0.52751838286268,0.55568319902306,0.459958444368588,0.59389592726268,0.460368669991265,0.458756434786014,0.67432670166268,0.50523476430055,0.435685357866872,0.72816913766268,0.56755782661636,0.481098148381137,0.71421224056268,0.537588683941921,0.531079889005628,0.175494492433988,0.537611199281575,0.568498609985845,0.175644466365233,90.0,3.0,0.691579
0.568868999220525,0.508744726349045,0.271538531362682,0.53760611397601,0.54947872441435,0.325686232812682,0.451556262479026,0.512025642137815,0.245745882862682,0.463112634433546,0.53303351141421,0.312123427262682,0.45119144913433,0.483972922989521,0.366367270562681,0.558427163465345,0.53423552099678,0.392554201662682,0.51356106915606,0.557306597915925,0.446396637662682,0.536742247000605,0.550662678121965,0.51365212766268,0.484411461153391,0.551975359734585,0.56716701811268,0.56760438434728,0.509019032836575,0.64813977056268,0.55811200469006,0.53031166368554,0.76847640786268,0.482053586481003,0.44232927770413,0.231879627662682,0.53438437230322,0.441016596048211,0.285394518112682,0.51120436205052,0.436013026170567,0.352606809612682,0.556888275651015,0.456925992315217,0.406719280112682,0.45123800684025,0.51189380740166,0.432439740562682,0.460683828766547,0.462680292097254,0.486703907862682,0.449926834261083,0.484247229477051,0.55331103136268,0.481189719480599,0.443513231368447,0.60745873281268,0.50759147140609,0.55697892961223,0.63437930961268,0.461907557805593,0.53606596346758,0.68849178011268,0.484490717156056,0.550746542258005,0.75505616566268,0.534305116325555,0.442245413568092,0.473283665662682,0.567239570977585,0.480966313644981,0.52751838286268,0.55568319902306,0.459958444368588,0.59389592726268,0.460368669991265,0.458756434786014,0.67432670166268,0.50523476430055,0.435685357866872,0.72816913766268,0.56755782661636,0.481098148381137,0.71421224056268,0.524422389287905,0.535863003579007,0.275716329466981,0.550896974820549,0.562306314936334,0.275893203009973,135.0,1.0,8.6241876
0.568868999220525,0.508744726349045,0.271538531362682,0.53760611397601,0.54947872441435,0.325686232812682,0.451556262479026,0.512025642137815,0.245745882862682,0.463112634433546,0.53303351141421,0.312123427262682,0.45119144913433,0.483972922989521,0.366367270562681,0.558427163465345,0.53423552099678,0.392554201662682,0.51356106915606,0.557306597915925,0.446396637662682,0.536742247000605,0.550662678121965,0.51365212766268,0.484411461153391,0.551975359734585,0.56716701811268,0.56760438434728,0.509019032836575,0.64813977056268,0.55811200469006,0.53031166368554,0.76847640786268,0.482053586481003,0.44232927770413,0.231879627662682,0.53438437230322,0.441016596048211,0.285394518112682,0.51120436205052,0.436013026170567,0.352606809612682,0.556888275651015,0.456925992315217,0.406719280112682,0.45123800684025,0.51189380740166,0.432439740562682,0.460683828766547,0.462680292097254,0.486703907862682,0.449926834261083,0.484247229477051,0.55331103136268,0.481189719480599,0.443513231368447,0.60745873281268,0.50759147140609,0.55697892961223,0.63437930961268,0.461907557805593,0.53606596346758,0.68849178011268,0.484490717156056,0.550746542258005,0.75505616566268,0.534305116325555,0.442245413568092,0.473283665662682,0.567239570977585,0.480966313644981,0.52751838286268,0.55568319902306,0.459958444368588,0.59389592726268,0.460368669991265,0.458756434786014,0.67432670166268,0.50523476430055,0.435685357866872,0.72816913766268,0.56755782661636,0.481098148381137,0.71421224056268,0.524303409611227,0.53580953592168,0.250664144854668,0.550778306952699,0.562253083544364,0.250711881646459,135.0,1.5,3.8193736
0.568868999220525,0.508744726349045,0.271538531362682,0.53760611397601,0.54947872441435,0.325686232812682,0.451556262479026,0.512025642137815,0.245745882862682,0.463112634433546,0.53303351141421,0.312123427262682,0.45119144913433,0.483972922989521,0.366367270562681,0.558427163465345,0.53423552099678,0.392554201662682,0.51356106915606,0.557306597915925,0.446396637662682,0.536742247000605,0.550662678121965,0.51365212766268,0.484411461153391,0.551975359734585,0.56716701811268,0.56760438434728,0.509019032836575,0.64813977056268,0.55811200469006,0.53031166368554,0.76847640786268,0.482053586481003,0.44232927770413,0.231879627662682,0.53438437230322,0.441016596048211,0.285394518112682,0.51120436205052,0.436013026170567,0.352606809612682,0.556888275651015,0.456925992315217,0.406719280112682,0.45123800684025,0.51189380740166,0.432439740562682,0.460683828766547,0.462680292097254,0.486703907862682,0.449926834261083,0.484247229477051,0.55331103136268,0.481189719480599,0.443513231368447,0.60745873281268,0.50759147140609,0.55697892961223,0.63437930961268,0.461907557805593,0.53606596346758,0.68849178011268,0.484490717156056,0.550746542258005,0.75505616566268,0.534305116325555,0.442245413568092,0.473283665662682,0.567239570977585,0.480966313644981,0.52751838286268,0.55568319902306,0.459958444368588,0.59389592726268,0.460368669991265,0.458756434786014,0.67432670166268,0.50523476430055,0.435685357866872,0.72816913766268,0.56755782661636,0.481098148381137,0.71421224056268,0.524337857204136,0.535731712612559,0.225599844241849,0.55081294426573,0.562174821893472,0.225724003634536,135.0,2.0,1.7534902
0.568868999220525,0.508744726349045,0.271538531362682,0.53760611397601,0.54947872441435,0.325686232812682,0.451556262479026,0.512025642137815,0.245745882862682,0.463112634433546,0.53303351141421,0.312123427262682,0.45119144913433,0.483972922989521,0.366367270562681,0.558427163465345,0.53423552099678,0.392554201662682,0.51356106915606,0.557306597915925,0.446396637662682,0.536742247000605,0.550662678121965,0.51365212766268,0.484411461153391,0.551975359734585,0.56716701811268,0.56760438434728,0.509019032836575,0.64813977056268,0.55811200469006,0.53031166368554,0.76847640786268,0.482053586481003,0.44232927770413,0.231879627662682,0.53438437230322,0.441016596048211,0.285394518112682,0.51120436205052,0.436013026170567,0.352606809612682,0.556888275651015,0.456925992315217,0.406719280112682,0.45123800684025,0.51189380740166,0.432439740562682,0.460683828766547,0.462680292097254,0.486703907862682,0.449926834261083,0.484247229477051,0.55331103136268,0.481189719480599,0.443513231368447,0.60745873281268,0.50759147140609,0.55697892961223,0.63437930961268,0.461907557805593,0.53606596346758,0.68849178011268,0.484490717156056,0.550746542258005,0.75505616566268,0.534305116325555,0.442245413568092,0.473283665662682,0.567239570977585,0.480966313644981,0.52751838286268,0.55568319902306,0.459958444368588,0.59389592726268,0.460368669991265,0.458756434786014,0.67432670166268,0.50523476430055,0.435685357866872,0.72816913766268,0.56755782661636,0.481098148381137,0.71421224056268,0.524508247815118,0.535792056916815,0.200196214518069,0.550982459413164,0.56223493971347,0.2004677814163,135.0,2.5,1.2256594
0.568868999220525,0.508744726349045,0.271538531362682,0.53760611397601,0.54947872441435,0.325686232812682,0.451556262479026,0.512025642137815,0.245745882862682,0.463112634433546,0.53303351141421,0.312123427262682,0.45119144913433,0.483972922989521,0.366367270562681,0.558427163465345,0.53423552099678,0.392554201662682,0.51356106915606,0.557306597915925,0.446396637662682,0.536742247000605,0.550662678121965,0.51365212766268,0.484411461153391,0.551975359734585,0.56716701811268,0.56760438434728,0.509019032836575,0.64813977056268,0.55811200469006,0.53031166368554,0.76847640786268,0.482053586481003,0.44232927770413,0.231879627662682,0.53438437230322,0.441016596048211,0.285394518112682,0.51120436205052,0.436013026170567,0.352606809612682,0.556888275651015,0.456925992315217,0.406719280112682,0.45123800684025,0.51189380740166,0.432439740562682,0.460683828766547,0.462680292097254,0.486703907862682,0.449926834261083,0.484247229477051,0.55331103136268,0.481189719480599,0.443513231368447,0.60745873281268,0.50759147140609,0.55697892961223,0.63437930961268,0.461907557805593,0.53606596346758,0.68849178011268,0.484490717156056,0.550746542258005,0.75505616566268,0.534305116325555,0.442245413568092,0.473283665662682,0.567239570977585,0.480966313644981,0.52751838286268,0.55568319902306,0.459958444368588,0.59389592726268,0.460368669991265,0.458756434786014,0.67432670166268,0.50523476430055,0.435685357866872,0.72816913766268,0.56755782661636,0.481098148381137,0.71421224056268,0.524362578566545,0.536567731778677,0.175471455953582,0.550837304656951,0.563010767212796,0.175667502845639,135.0,3.0,0.6516944
0.568868999220525,0.508744726349045,0.271538531362682,0.53760611397601,0.54947872441435,0.325686232812682,0.451556262479026,0.512025642137815,0.245745882862682,0.463112634433546,0.53303351141421,0.312123427262682,0.45119144913433,0.483972922989521,0.366367270562681,0.558427163465345,0.53423552099678,0.392554201662682,0.51356106915606,0.557306597915925,0.446396637662682,0.536742247000605,0.550662678121965,0.51365212766268,0.484411461153391,0.551975359734585,0.56716701811268,0.56760438434728,0.509019032836575,0.64813977056268,0.55811200469006,0.53031166368554,0.76847640786268,0.482053586481003,0.44232927770413,0.231879627662682,0.53438437230322,0.441016596048211,0.285394518112682,0.51120436205052,0.436013026170567,0.352606809612682,0.556888275651015,0.456925992315217,0.406719280112682,0.45123800684025,0.51189380740166,0.432439740562682,0.460683828766547,0.462680292097254,0.486703907862682,0.449926834261083,0.484247229477051,0.55331103136268,0.481189719480599,0.443513231368447,0.60745873281268,0.50759147140609,0.55697892961223,0.63437930961268,0.461907557805593,0.53606596346758,0.68849178011268,0.484490717156056,0.550746542258005,0.75505616566268,0.534305116325555,0.442245413568092,0.473283665662682,0.567239570977585,0.480966313644981,0.52751838286268,0.55568319902306,0.459958444368588,0.59389592726268,0.460368669991265,0.458756434786014,0.67432670166268,0.50523476430055,0.435685357866872,0.72816913766268,0.56755782661636,0.481098148381137,0.71421224056268,0.587678178264784,0.508507375585027,0.220773553514395,0.55025930328656,0.50853001077668,0.220878252741498,0.0,1.0,1.0479798
0.568868999220525,0.508744726349045,0.271538531362682,0.53760611397601,0.54947872441435,0.325686232812682,0.451556262479026,0.512025642137815,0.245745882862682,0.463112634433546,0.53303351141421,0.312123427262682,0.45119144913433,0.483972922989521,0.366367270562681,0.558427163465345,0.53423552099678,0.392554201662682,0.51356106915606,0.557306597915925,0.446396637662682,0.536742247000605,0.550662678121965,0.51365212766268,0.484411461153391,0.551975359734585,0.56716701811268,0.56760438434728,0.509019032836575,0.64813977056268,0.55811200469006,0.53031166368554,0.76847640786268,0.482053586481003,0.44232927770413,0.231879627662682,0.53438437230322,0.441016596048211,0.285394518112682,0.51120436205052,0.436013026170567,0.352606809612682,0.556888275651015,0.456925992315217,0.406719280112682,0.45123800684025,0.51189380740166,0.432439740562682,0.460683828766547,0.462680292097254,0.486703907862682,0.449926834261083,0.484247229477051,0.55331103136268,0.481189719480599,0.443513231368447,0.60745873281268,0.50759147140609,0.55697892961223,0.63437930961268,0.461907557805593,0.53606596346758,0.68849178011268,0.484490717156056,0.550746542258005,0.75505616566268,0.534305116325555,0.442245413568092,0.473283665662682,0.567239570977585,0.480966313644981,0.52751838286268,0.55568319902306,0.459958444368588,0.59389592726268,0.460368669991265,0.458756434786014,0.67432670166268,0.50523476430055,0.435685357866872,0.72816913766268,0.56755782661636,0.481098148381137,0.71421224056268,0.587623112818173,0.508422402216121,0.195509649806635,0.550204237839949,0.508445037407774,0.195614349033738,0.0,1.5,1.0653398
0.568868999220525,0.508744726349045,0.271538531362682,0.53760611397601,0.54947872441435,0.325686232812682,0.451556262479026,0.512025642137815,0.245745882862682,0.463112634433546,0.53303351141421,0.312123427262682,0.45119144913433,0.483972922989521,0.366367270562681,0.558427163465345,0.53423552099678,0.392554201662682,0.51356106915606,0.557306597915925,0.446396637662682,0.536742247000605,0.550662678121965,0.51365212766268,0.484411461153391,0.551975359734585,0.56716701811268,0.56760438434728,0.509019032836575,0.64813977056268,0.55811200469006,0.53031166368554,0.76847640786268,0.482053586481003,0.44232927770413,0.231879627662682,0.53438437230322,0.441016596048211,0.285394518112682,0.51120436205052,0.436013026170567,0.352606809612682,0.556888275651015,0.456925992315217,0.406719280112682,0.45123800684025,0.51189380740166,0.432439740562682,0.460683828766547,0.462680292097254,0.486703907862682,0.449926834261083,0.484247229477051,0.55331103136268,0.481189719480599,0.443513231368447,0.60745873281268,0.50759147140609,0.55697892961223,0.63437930961268,0.461907557805593,0.53606596346758,0.68849178011268,0.484490717156056,0.550746542258005,0.75505616566268,0.534305116325555,0.442245413568092,0.473283665662682,0.567239570977585,0.480966313644981,0.52751838286268,0.55568319902306,0.459958444368588,0.59389592726268,0.460368669991265,0.458756434786014,0.67432670166268,0.50523476430055,0.435685357866872,0.72816913766268,0.56755782661636,0.481098148381137,0.71421224056268,0.587568047371561,0.508337428847214,0.170245746098875,0.550149172393337,0.508360064038867,0.170350445325978,0.0,2.0,0.510601
0.568868999220525,0.508744726349045,0.271538531362682,0.53760611397601,0.54947872441435,0.325686232812682,0.451556262479026,0.512025642137815,0.245745882862682,0.463112634433546,0.53303351141421,0.312123427262682,0.45119144913433,0.483972922989521,0.366367270562681,0.558427163465345,0.53423552099678,0.392554201662682,0.51356106915606,0.557306597915925,0.446396637662682,0.536742247000605,0.550662678121965,0.51365212766268,0.484411461153391,0.551975359734585,0.56716701811268,0.56760438434728,0.509019032836575,0.64813977056268,0.55811200469006,0.53031166368554,0.76847640786268,0.482053586481003,0.44232927770413,0.231879627662682,0.53438437230322,0.441016596048211,0.285394518112682,0.51120436205052,0.436013026170567,0.352606809612682,0.556888275651015,0.456925992315217,0.406719280112682,0.45123800684025,0.51189380740166,0.432439740562682,0.460683828766547,0.462680292097254,0.486703907862682,0.449926834261083,0.484247229477051,0.55331103136268,0.481189719480599,0.443513231368447,0.60745873281268,0.50759147140609,0.55697892961223,0.63437930961268,0.461907557805593,0.53606596346758,0.68849178011268,0.484490717156056,0.550746542258005,0.75505616566268,0.534305116325555,0.442245413568092,0.473283665662682,0.567239570977585,0.480966313644981,0.52751838286268,0.55568319902306,0.459958444368588,0.59389592726268,0.460368669991265,0.458756434786014,0.67432670166268,0.50523476430055,0.435685357866872,0.72816913766268,0.56755782661636,0.481098148381137,0.71421224056268,0.587516423515363,0.508257766313864,0.14656083637285,0.550097548537139,0.508280401505517,0.146665535599953,0.0,2.5,0.2045008
0.568868999220525,0.508744726349045,0.271538531362682,0.53760611397601,0.54947872441435,0.325686232812682,0.451556262479026,0.512025642137815,0.245745882862682,0.463112634433546,0.53303351141421,0.312123427262682,0.45119144913433,0.483972922989521,0.366367270562681,0.558427163465345,0.53423552099678,0.392554201662682,0.51356106915606,0.557306597915925,0.446396637662682,0.536742247000605,0.550662678121965,0.51365212766268,0.484411461153391,0.551975359734585,0.56716701811268,0.56760438434728,0.509019032836575,0.64813977056268,0.55811200469006,0.53031166368554,0.76847640786268,0.482053586481003,0.44232927770413,0.231879627662682,0.53438437230322,0.441016596048211,0.285394518112682,0.51120436205052,0.436013026170567,0.352606809612682,0.556888275651015,0.456925992315217,0.406719280112682,0.45123800684025,0.51189380740166,0.432439740562682,0.460683828766547,0.462680292097254,0.486703907862682,0.449926834261083,0.484247229477051,0.55331103136268,0.481189719480599,0.443513231368447,0.60745873281268,0.50759147140609,0.55697892961223,0.63437930961268,0.461907557805593,0.53606596346758,0.68849178011268,0.484490717156056,0.550746542258005,0.75505616566268,0.534305116325555,0.442245413568092,0.473283665662682,0.567239570977585,0.480966313644981,0.52751838286268,0.55568319902306,0.459958444368588,0.59389592726268,0.460368669991265,0.458756434786014,0.67432670166268,0.50523476430055,0.435685357866872,0.72816913766268,0.56755782661636,0.481098148381137,0.71421224056268,0.587461358068752,0.508172792944958,0.12129693266509,0.550042483090528,0.508195428136611,0.121401631892193,0.0,3.0,0.1177876
0.568868999220525,0.508744726349045,0.271538531362682,0.53760611397601,0.54947872441435,0.325686232812682,0.451556262479026,0.512025642137815,0.245745882862682,0.463112634433546,0.53303351141421,0.312123427262682,0.45119144913433,0.483972922989521,0.366367270562681,0.558427163465345,0.53423552099678,0.392554201662682,0.51356106915606,0.557306597915925,0.446396637662682,0.536742247000605,0.550662678121965,0.51365212766268,0.484411461153391,0.551975359734585,0.56716701811268,0.56760438434728,0.509019032836575,0.64813977056268,0.55811200469006,0.53031166368554,0.76847640786268,0.482053586481003,0.44232927770413,0.231879627662682,0.53438437230322,0.441016596048211,0.285394518112682,0.51120436205052,0.436013026170567,0.352606809612682,0.556888275651015,0.456925992315217,0.406719280112682,0.45123800684025,0.51189380740166,0.432439740562682,0.460683828766547,0.462680292097254,0.486703907862682,0.449926834261083,0.484247229477051,0.55331103136268,0.481189719480599,0.443513231368447,0.60745873281268,0.50759147140609,0.55697892961223,0.63437930961268,0.461907557805593,0.53606596346758,0.68849178011268,0.484490717156056,0.550746542258005,0.75505616566268,0.534305116325555,0.442245413568092,0.473283665662682,0.567239570977585,0.480966313644981,0.52751838286268,0.55568319902306,0.459958444368588,0.59389592726268,0.460368669991265,0.458756434786014,0.67432670166268,0.50523476430055,0.435685357866872,0.72816913766268,0.56755782661636,0.481098148381137,0.71421224056268,0.582190160210022,0.495281205790274,0.22073148144479,0.555747321341322,0.521756180571433,0.220920324811103,45.0,1.0,1.4571984
0.568868999220525,0.508744726349045,0.271538531362682,0.53760611397601,0.54947872441435,0.325686232812682,0.451556262479026,0.512025642137815,0.245745882862682,0.463112634433546,0.53303351141421,0.312123427262682,0.45119144913433,0.483972922989521,0.366367270562681,0.558427163465345,0.53423552099678,0.392554201662682,0.51356106915606,0.557306597915925,0.446396637662682,0.536742247000605,0.550662678121965,0.51365212766268,0.484411461153391,0.551975359734585,0.56716701811268,0.56760438434728,0.509019032836575,0.64813977056268,0.55811200469006,0.53031166368554,0.76847640786268,0.482053586481003,0.44232927770413,0.231879627662682,0.53438437230322,0.441016596048211,0.285394518112682,0.51120436205052,0.436013026170567,0.352606809612682,0.556888275651015,0.456925992315217,0.406719280112682,0.45123800684025,0.51189380740166,0.432439740562682,0.460683828766547,0.462680292097254,0.486703907862682,0.449926834261083,0.484247229477051,0.55331103136268,0.481189719480599,0.443513231368447,0.60745873281268,0.50759147140609,0.55697892961223,0.63437930961268,0.461907557805593,0.53606596346758,0.68849178011268,0.484490717156056,0.550746542258005,0.75505616566268,0.534305116325555,0.442245413568092,0.473283665662682,0.567239570977585,0.480966313644981,0.52751838286268,0.55568319902306,0.459958444368588,0.59389592726268,0.460368669991265,0.458756434786014,0.67432670166268,0.50523476430055,0.435685357866872,0.72816913766268,0.56755782661636,0.481098148381137,0.71421224056268,0.582135994334488,0.49519679491614,0.195557623293436,0.555691356323634,0.521670644707755,0.195566375546937,45.0,1.5,1.2498332
0.568868999220525,0.508744726349045,0.271538531362682,0.53760611397601,0.54947872441435,0.325686232812682,0.451556262479026,0.512025642137815,0.245745882862682,0.463112634433546,0.53303351141421,0.312123427262682,0.45119144913433,0.483972922989521,0.366367270562681,0.558427163465345,0.53423552099678,0.392554201662682,0.51356106915606,0.557306597915925,0.446396637662682,0.536742247000605,0.550662678121965,0.51365212766268,0.484411461153391,0.551975359734585,0.56716701811268,0.56760438434728,0.509019032836575,0.64813977056268,0.55811200469006,0.53031166368554,0.76847640786268,0.482053586481003,0.44232927770413,0.231879627662682,0.53438437230322,0.441016596048211,0.285394518112682,0.51120436205052,0.436013026170567,0.352606809612682,0.556888275651015,0.456925992315217,0.406719280112682,0.45123800684025,0.51189380740166,0.432439740562682,0.460683828766547,0.462680292097254,0.486703907862682,0.449926834261083,0.484247229477051,0.55331103136268,0.481189719480599,0.443513231368447,0.60745873281268,0.50759147140609,0.55697892961223,0.63437930961268,0.461907557805593,0.53606596346758,0.68849178011268,0.484490717156056,0.550746542258005,0.75505616566268,0.534305116325555,0.442245413568092,0.473283665662682,0.567239570977585,0.480966313644981,0.52751838286268,0.55568319902306,0.459958444368588,0.59389592726268,0.460368669991265,0.458756434786014,0.67432670166268,0.50523476430055,0.435685357866872,0.72816913766268,0.56755782661636,0.481098148381137,0.71421224056268,0.582080411137009,0.495111380349071,0.170343153543441,0.555636808627889,0.52158611253701,0.170253037881412,45.0,2.0,0.5718818
0.568868999220525,0.508744726349045,0.271538531362682,0.53760611397601,0.54947872441435,0.325686232812682,0.451556262479026,0.512025642137815,0.245745882862682,0.463112634433546,0.53303351141421,0.312123427262682,0.45119144913433,0.483972922989521,0.366367270562681,0.558427163465345,0.53423552099678,0.392554201662682,0.51356106915606,0.557306597915925,0.446396637662682,0.536742247000605,0.550662678121965,0.51365212766268,0.484411461153391,0.551975359734585,0.56716701811268,0.56760438434728,0.509019032836575,0.64813977056268,0.55811200469006,0.53031166368554,0.76847640786268,0.482053586481003,0.44232927770413,0.231879627662682,0.53438437230322,0.441016596048211,0.285394518112682,0.51120436205052,0.436013026170567,0.352606809612682,0.556888275651015,0.456925992315217,0.406719280112682,0.45123800684025,0.51189380740166,0.432439740562682,0.460683828766547,0.462680292097254,0.486703907862682,0.449926834261083,0.484247229477051,0.55331103136268,0.481189719480599,0.443513231368447,0.60745873281268,0.50759147140609,0.55697892961223,0.63437930961268,0.461907557805593,0.53606596346758,0.68849178011268,0.484490717156056,0.550746542258005,0.75505616566268,0.534305116325555,0.442245413568092,0.473283665662682,0.567239570977585,0.480966313644981,0.52751838286268,0.55568319902306,0.459958444368588,0.59389592726268,0.460368669991265,0.458756434786014,0.67432670166268,0.50523476430055,0.435685357866872,0.72816913766268,0.56755782661636,0.481098148381137,0.71421224056268,0.582028421997763,0.495031857891534,0.146489097612797,0.55558555005474,0.521506309927847,0.146737274360006,45.0,2.5,0.2331448
0.568868999220525,0.508744726349045,0.271538531362682,0.53760611397601,0.54947872441435,0.325686232812682,0.451556262479026,0.512025642137815,0.245745882862682,0.463112634433546,0.53303351141421,0.312123427262682,0.45119144913433,0.483972922989521,0.366367270562681,0.558427163465345,0.53423552099678,0.392554201662682,0.51356106915606,0.557306597915925,0.446396637662682,0.536742247000605,0.550662678121965,0.51365212766268,0.484411461153391,0.551975359734585,0.56716701811268,0.56760438434728,0.509019032836575,0.64813977056268,0.55811200469006,0.53031166368554,0.76847640786268,0.482053586481003,0.44232927770413,0.231879627662682,0.53438437230322,0.441016596048211,0.285394518112682,0.51120436205052,0.436013026170567,0.352606809612682,0.556888275651015,0.456925992315217,0.406719280112682,0.45123800684025,0.51189380740166,0.432439740562682,0.460683828766547,0.462680292097254,0.486703907862682,0.449926834261083,0.484247229477051,0.55331103136268,0.481189719480599,0.443513231368447,0.60745873281268,0.50759147140609,0.55697892961223,0.63437930961268,0.461907557805593,0.53606596346758,0.68849178011268,0.484490717156056,0.550746542258005,0.75505616566268,0.534305116325555,0.442245413568092,0.473283665662682,0.567239570977585,0.480966313644981,0.52751838286268,0.55568319902306,0.459958444368588,0.59389592726268,0.460368669991265,0.458756434786014,0.67432670166268,0.50523476430055,0.435685357866872,0.72816913766268,0.56755782661636,0.481098148381137,0.71421224056268,0.581973506209181,0.49494694404134,0.121235193560088,0.555530334950099,0.521421277040229,0.121463370997195,45.0,3.0,0.1308076
0.568868999220525,0.508744726349045,0.271538531362682,0.53760611397601,0.54947872441435,0.325686232812682,0.451556262479026,0.512025642137815,0.245745882862682,0.463112634433546,0.53303351141421,0.312123427262682,0.45119144913433,0.483972922989521,0.366367270562681,0.558427163465345,0.53423552099678,0.392554201662682,0.51356106915606,0.557306597915925,0.446396637662682,0.536742247000605,0.550662678121965,0.51365212766268,0.484411461153391,0.551975359734585,0.56716701811268,0.56760438434728,0.509019032836575,0.64813977056268,0.55811200469006,0.53031166368554,0.76847640786268,0.482053586481003,0.44232927770413,0.231879627662682,0.53438437230322,0.441016596048211,0.285394518112682,0.51120436205052,0.436013026170567,0.352606809612682,0.556888275651015,0.456925992315217,0.406719280112682,0.45123800684025,0.51189380740166,0.432439740562682,0.460683828766547,0.462680292097254,0.486703907862682,0.449926834261083,0.484247229477051,0.55331103136268,0.481189719480599,0.443513231368447,0.60745873281268,0.50759147140609,0.55697892961223,0.63437930961268,0.461907557805593,0.53606596346758,0.68849178011268,0.484490717156056,0.550746542258005,0.75505616566268,0.534305116325555,0.442245413568092,0.473283665662682,0.567239570977585,0.480966313644981,0.52751838286268,0.55568319902306,0.459958444368588,0.59389592726268,0.460368669991265,0.458756434786014,0.67432670166268,0.50523476430055,0.435685357866872,0.72816913766268,0.56755782661636,0.481098148381137,0.71421224056268,0.56895776591822,0.489809360609561,0.220907597792828,0.568979715633124,0.527228025752146,0.220744208463065,90.0,1.0,2.1713454
0.568868999220525,0.508744726349045,0.271538531362682,0.53760611397601,0.54947872441435,0.325686232812682,0.451556262479026,0.512025642137815,0.245745882862682,0.463112634433546,0.53303351141421,0.312123427262682,0.45119144913433,0.483972922989521,0.366367270562681,0.558427163465345,0.53423552099678,0.392554201662682,0.51356106915606,0.557306597915925,0.446396637662682,0.536742247000605,0.550662678121965,0.51365212766268,0.484411461153391,0.551975359734585,0.56716701811268,0.56760438434728,0.509019032836575,0.64813977056268,0.55811200469006,0.53031166368554,0.76847640786268,0.482053586481003,0.44232927770413,0.231879627662682,0.53438437230322,0.441016596048211,0.285394518112682,0.51120436205052,0.436013026170567,0.352606809612682,0.556888275651015,0.456925992315217,0.406719280112682,0.45123800684025,0.51189380740166,0.432439740562682,0.460683828766547,0.462680292097254,0.486703907862682,0.449926834261083,0.484247229477051,0.55331103136268,0.481189719480599,0.443513231368447,0.60745873281268,0.50759147140609,0.55697892961223,0.63437930961268,0.461907557805593,0.53606596346758,0.68849178011268,0.484490717156056,0.550746542258005,0.75505616566268,0.534305116325555,0.442245413568092,0.473283665662682,0.567239570977585,0.480966313644981,0.52751838286268,0.55568319902306,0.459958444368588,0.59389592726268,0.460368669991265,0.458756434786014,0.67432670166268,0.50523476430055,0.435685357866872,0.72816913766268,0.56755782661636,0.481098148381137,0.71421224056268,0.568902412301436,0.489724279427413,0.195510683041204,0.568924938356686,0.527143160196483,0.195613315799169,90.0,1.5,1.3222244
0.568868999220525,0.508744726349045,0.271538531362682,0.53760611397601,0.54947872441435,0.325686232812682,0.451556262479026,0.512025642137815,0.245745882862682,0.463112634433546,0.53303351141421,0.312123427262682,0.45119144913433,0.483972922989521,0.366367270562681,0.558427163465345,0.53423552099678,0.392554201662682,0.51356106915606,0.557306597915925,0.446396637662682,0.536742247000605,0.550662678121965,0.51365212766268,0.484411461153391,0.551975359734585,0.56716701811268,0.56760438434728,0.509019032836575,0.64813977056268,0.55811200469006,0.53031166368554,0.76847640786268,0.482053586481003,0.44232927770413,0.231879627662682,0.53438437230322,0.441016596048211,0.285394518112682,0.51120436205052,0.436013026170567,0.352606809612682,0.556888275651015,0.456925992315217,0.406719280112682,0.45123800684025,0.51189380740166,0.432439740562682,0.460683828766547,0.462680292097254,0.486703907862682,0.449926834261083,0.484247229477051,0.55331103136268,0.481189719480599,0.443513231368447,0.60745873281268,0.50759147140609,0.55697892961223,0.63437930961268,0.461907557805593,0.53606596346758,0.68849178011268,0.484490717156056,0.550746542258005,0.75505616566268,0.534305116325555,0.442245413568092,0.473283665662682,0.567239570977585,0.480966313644981,0.52751838286268,0.55568319902306,0.459958444368588,0.59389592726268,0.460368669991265,0.458756434786014,0.67432670166268,0.50523476430055,0.435685357866872,0.72816913766268,0.56755782661636,0.481098148381137,0.71421224056268,0.568848354441631,0.48963961765483,0.170178452321085,0.568868865323267,0.527057875231251,0.170417739103768,90.0,2.0,0.5716648
0.568868999220525,0.508744726349045,0.271538531362682,0.53760611397601,0.54947872441435,0.325686232812682,0.451556262479026,0.512025642137815,0.245745882862682,0.463112634433546,0.53303351141421,0.312123427262682,0.45119144913433,0.483972922989521,0.366367270562681,0.558427163465345,0.53423552099678,0.392554201662682,0.51356106915606,0.557306597915925,0.446396637662682,0.536742247000605,0.550662678121965,0.51365212766268,0.484411461153391,0.551975359734585,0.56716701811268,0.56760438434728,0.509019032836575,0.64813977056268,0.55811200469006,0.53031166368554,0.76847640786268,0.482053586481003,0.44232927770413,0.231879627662682,0.53438437230322,0.441016596048211,0.285394518112682,0.51120436205052,0.436013026170567,0.352606809612682,0.556888275651015,0.456925992315217,0.406719280112682,0.45123800684025,0.51189380740166,0.432439740562682,0.460683828766547,0.462680292097254,0.486703907862682,0.449926834261083,0.484247229477051,0.55331103136268,0.481189719480599,0.443513231368447,0.60745873281268,0.50759147140609,0.55697892961223,0.63437930961268,0.461907557805593,0.53606596346758,0.68849178011268,0.484490717156056,0.550746542258005,0.75505616566268,0.534305116325555,0.442245413568092,0.473283665662682,0.567239570977585,0.480966313644981,0.52751838286268,0.55568319902306,0.459958444368588,0.59389592726268,0.460368669991265,0.458756434786014,0.67432670166268,0.50523476430055,0.435685357866872,0.72816913766268,0.56755782661636,0.481098148381137,0.71421224056268,0.568795779496504,0.489559615104948,0.146652824188631,0.568818192555998,0.526978552714433,0.146573547784172,90.0,2.5,0.2323636
0.568868999220525,0.508744726349045,0.271538531362682,0.53760611397601,0.54947872441435,0.325686232812682,0.451556262479026,0.512025642137815,0.245745882862682,0.463112634433546,0.53303351141421,0.312123427262682,0.45119144913433,0.483972922989521,0.366367270562681,0.558427163465345,0.53423552099678,0.392554201662682,0.51356106915606,0.557306597915925,0.446396637662682,0.536742247000605,0.550662678121965,0.51365212766268,0.484411461153391,0.551975359734585,0.56716701811268,0.56760438434728,0.509019032836575,0.64813977056268,0.55811200469006,0.53031166368554,0.76847640786268,0.482053586481003,0.44232927770413,0.231879627662682,0.53438437230322,0.441016596048211,0.285394518112682,0.51120436205052,0.436013026170567,0.352606809612682,0.556888275651015,0.456925992315217,0.406719280112682,0.45123800684025,0.51189380740166,0.432439740562682,0.460683828766547,0.462680292097254,0.486703907862682,0.449926834261083,0.484247229477051,0.55331103136268,0.481189719480599,0.443513231368447,0.60745873281268,0.50759147140609,0.55697892961223,0.63437930961268,0.461907557805593,0.53606596346758,0.68849178011268,0.484490717156056,0.550746542258005,0.75505616566268,0.534305116325555,0.442245413568092,0.473283665662682,0.567239570977585,0.480966313644981,0.52751838286268,0.55568319902306,0.459958444368588,0.59389592726268,0.460368669991265,0.458756434786014,0.67432670166268,0.50523476430055,0.435685357866872,0.72816913766268,0.56755782661636,0.481098148381137,0.71421224056268,0.568740485477785,0.489474725113697,0.121280828585412,0.568763355681495,0.526893495967873,0.121417735971871,90.0,3.0,0.1292018
0.568868999220525,0.508744726349045,0.271538531362682,0.53760611397601,0.54947872441435,0.325686232812682,0.451556262479026,0.512025642137815,0.245745882862682,0.463112634433546,0.53303351141421,0.312123427262682,0.45119144913433,0.483972922989521,0.366367270562681,0.558427163465345,0.53423552099678,0.392554201662682,0.51356106915606,0.557306597915925,0.446396637662682,0.536742247000605,0.550662678121965,0.51365212766268,0.484411461153391,0.551975359734585,0.56716701811268,0.56760438434728,0.509019032836575,0.64813977056268,0.55811200469006,0.53031166368554,0.76847640786268,0.482053586481003,0.44232927770413,0.231879627662682,0.53438437230322,0.441016596048211,0.285394518112682,0.51120436205052,0.436013026170567,0.352606809612682,0.556888275651015,0.456925992315217,0.406719280112682,0.45123800684025,0.51189380740166,0.432439740562682,0.460683828766547,0.462680292097254,0.486703907862682,0.449926834261083,0.484247229477051,0.55331103136268,0.481189719480599,0.443513231368447,0.60745873281268,0.50759147140609,0.55697892961223,0.63437930961268,0.461907557805593,0.53606596346758,0.68849178011268,0.484490717156056,0.550746542258005,0.75505616566268,0.534305116325555,0.442245413568092,0.473283665662682,0.567239570977585,0.480966313644981,0.52751838286268,0.55568319902306,0.459958444368588,0.59389592726268,0.460368669991265,0.458756434786014,0.67432670166268,0.50523476430055,0.435685357866872,0.72816913766268,0.56755782661636,0.481098148381137,0.71421224056268,0.555731402280496,0.495296866232517,0.220871525944386,0.582206079270848,0.52174052012919,0.220780280311507,135.0,1.0,1.658965
0.568868999220525,0.508744726349045,0.271538531362682,0.53760611397601,0.54947872441435,0.325686232812682,0.451556262479026,0.512025642137815,0.245745882862682,0.463112634433546,0.53303351141421,0.312123427262682,0.45119144913433,0.483972922989521,0.366367270562681,0.558427163465345,0.53423552099678,0.392554201662682,0.51356106915606,0.557306597915925,0.446396637662682,0.536742247000605,0.550662678121965,0.51365212766268,0.484411461153391,0.551975359734585,0.56716701811268,0.56760438434728,0.509019032836575,0.64813977056268,0.55811200469006,0.53031166368554,0.76847640786268,0.482053586481003,0.44232927770413,0.231879627662682,0.53438437230322,0.441016596048211,0.285394518112682,0.51120436205052,0.436013026170567,0.352606809612682,0.556888275651015,0.456925992315217,0.406719280112682,0.45123800684025,0.51189380740166,0.432439740562682,0.460683828766547,0.462680292097254,0.486703907862682,0.449926834261083,0.484247229477051,0.55331103136268,0.481189719480599,0.443513231368447,0.60745873281268,0.50759147140609,0.55697892961223,0.63437930961268,0.461907557805593,0.53606596346758,0.68849178011268,0.484490717156056,0.550746542258005,0.75505616566268,0.534305116325555,0.442245413568092,0.473283665662682,0.567239570977585,0.480966313644981,0.52751838286268,0.55568319902306,0.459958444368588,0.59389592726268,0.460368669991265,0.458756434786014,0.67432670166268,0.50523476430055,0.435685357866872,0.72816913766268,0.56755782661636,0.481098148381137,0.71421224056268,0.555676871483231,0.495211574609761,0.195473569061592,0.582150479174891,0.521655865014134,0.195650429778781,135.0,1.5,1.1167254
0.568868999220525,0.508744726349045,0.271538531362682,0.53760611397601,0.54947872441435,0.325686232812682,0.451556262479026,0.512025642137815,0.245745882862682,0.463112634433546,0.53303351141421,0.312123427262682,0.45119144913433,0.483972922989521,0.366367270562681,0.558427163465345,0.53423552099678,0.392554201662682,0.51356106915606,0.557306597915925,0.446396637662682,0.536742247000605,0.550662678121965,0.51365212766268,0.484411461153391,0.551975359734585,0.56716701811268,0.56760438434728,0.509019032836575,0.64813977056268,0.55811200469006,0.53031166368554,0.76847640786268,0.482053586481003,0.44232927770413,0.231879627662682,0.53438437230322,0.441016596048211,0.285394518112682,0.51120436205052,0.436013026170567,0.352606809612682,0.556888275651015,0.456925992315217,0.406719280112682,0.45123800684025,0.51189380740166,0.432439740562682,0.460683828766547,0.462680292097254,0.486703907862682,0.449926834261083,0.484247229477051,0.55331103136268,0.481189719480599,0.443513231368447,0.60745873281268,0.50759147140609,0.55697892961223,0.63437930961268,0.461907557805593,0.53606596346758,0.68849178011268,0.484490717156056,0.550746542258005,0.75505616566268,0.534305116325555,0.442245413568092,0.473283665662682,0.567239570977585,0.480966313644981,0.52751838286268,0.55568319902306,0.459958444368588,0.59389592726268,0.460368669991265,0.458756434786014,0.67432670166268,0.50523476430055,0.435685357866872,0.72816913766268,0.56755782661636,0.481098148381137,0.71421224056268,0.555620854909602,0.495127297452944,0.170265698025185,0.582096364855296,0.521570195433137,0.170330493399668,135.0,2.0,0.5032664
0.568868999220525,0.508744726349045,0.271538531362682,0.53760611397601,0.54947872441435,0.325686232812682,0.451556262479026,0.512025642137815,0.245745882862682,0.463112634433546,0.53303351141421,0.312123427262682,0.45119144913433,0.483972922989521,0.366367270562681,0.558427163465345,0.53423552099678,0.392554201662682,0.51356106915606,0.557306597915925,0.446396637662682,0.536742247000605,0.550662678121965,0.51365212766268,0.484411461153391,0.551975359734585,0.56716701811268,0.56760438434728,0.509019032836575,0.64813977056268,0.55811200469006,0.53031166368554,0.76847640786268,0.482053586481003,0.44232927770413,0.231879627662682,0.53438437230322,0.441016596048211,0.285394518112682,0.51120436205052,0.436013026170567,0.352606809612682,0.556888275651015,0.456925992315217,0.406719280112682,0.45123800684025,0.51189380740166,0.432439740562682,0.460683828766547,0.462680292097254,0.486703907862682,0.449926834261083,0.484247229477051,0.55331103136268,0.481189719480599,0.443513231368447,0.60745873281268,0.50759147140609,0.55697892961223,0.63437930961268,0.461907557805593,0.53606596346758,0.68849178011268,0.484490717156056,0.550746542258005,0.75505616566268,0.534305116325555,0.442245413568092,0.473283665662682,0.567239570977585,0.480966313644981,0.52751838286268,0.55568319902306,0.459958444368588,0.59389592726268,0.460368669991265,0.458756434786014,0.67432670166268,0.50523476430055,0.435685357866872,0.72816913766268,0.56755782661636,0.481098148381137,0.71421224056268,0.555569475038643,0.495047460231493,0.146559428251079,0.582044497013859,0.521490707587888,0.146666943721724,135.0,2.5,0.2012458
0.568868999220525,0.508744726349045,0.271538531362682,0.53760611397601,0.54947872441435,0.325686232812682,0.451556262479026,0.512025642137815,0.245745882862682,0.463112634433546,0.53303351141421,0.312123427262682,0.45119144913433,0.483972922989521,0.366367270562681,0.558427163465345,0.53423552099678,0.392554201662682,0.51356106915606,0.557306597915925,0.446396637662682,0.536742247000605,0.550662678121965,0.51365212766268,0.484411461153391,0.551975359734585,0.56716701811268,0.56760438434728,0.509019032836575,0.64813977056268,0.55811200469006,0.53031166368554,0.76847640786268,0.482053586481003,0.44232927770413,0.231879627662682,0.53438437230322,0.441016596048211,0.285394518112682,0.51120436205052,0.436013026170567,0.352606809612682,0.556888275651015,0.456925992315217,0.406719280112682,0.45123800684025,0.51189380740166,0.432439740562682,0.460683828766547,0.462680292097254,0.486703907862682,0.449926834261083,0.484247229477051,0.55331103136268,0.481189719480599,0.443513231368447,0.60745873281268,0.50759147140609,0.55697892961223,0.63437930961268,0.461907557805593,0.53606596346758,0.68849178011268,0.484490717156056,0.550746542258005,0.75505616566268,0.534305116325555,0.442245413568092,0.473283665662682,0.567239570977585,0.480966313644981,0.52751838286268,0.55568319902306,0.459958444368588,0.59389592726268,0.460368669991265,0.458756434786014,0.67432670166268,0.50523476430055,0.435685357866872,0.72816913766268,0.56755782661636,0.481098148381137,0.71421224056268,0.555514673127408,0.494962155753184,0.121382617125631,0.581989168031872,0.521406065328386,0.121315947431652,135.0,3.0,0.1160516
0.568868999220525,0.508744726349045,0.271538531362682,0.53760611397601,0.54947872441435,0.325686232812682,0.451556262479026,0.512025642137815,0.245745882862682,0.463112634433546,0.53303351141421,0.312123427262682,0.45119144913433,0.483972922989521,0.366367270562681,0.558427163465345,0.53423552099678,0.392554201662682,0.51356106915606,0.557306597915925,0.446396637662682,0.536742247000605,0.550662678121965,0.51365212766268,0.484411461153391,0.551975359734585,0.56716701811268,0.56760438434728,0.509019032836575,0.64813977056268,0.55811200469006,0.53031166368554,0.76847640786268,0.482053586481003,0.44232927770413,0.231879627662682,0.53438437230322,0.441016596048211,0.285394518112682,0.51120436205052,0.436013026170567,0.352606809612682,0.556888275651015,0.456925992315217,0.406719280112682,0.45123800684025,0.51189380740166,0.432439740562682,0.460683828766547,0.462680292097254,0.486703907862682,0.449926834261083,0.484247229477051,0.55331103136268,0.481189719480599,0.443513231368447,0.60745873281268,0.50759147140609,0.55697892961223,0.63437930961268,0.461907557805593,0.53606596346758,0.68849178011268,0.484490717156056,0.550746542258005,0.75505616566268,0.534305116325555,0.442245413568092,0.473283665662682,0.567239570977585,0.480966313644981,0.52751838286268,0.55568319902306,0.459958444368588,0.59389592726268,0.460368669991265,0.458756434786014,0.67432670166268,0.50523476430055,0.435685357866872,0.72816913766268,0.56755782661636,0.481098148381137,0.71421224056268,0.553122616829295,0.440226494977612,0.209926156505923,0.515703741851072,0.440249130169265,0.210030855733025,0.0,1.5,6.4622166
0.568868999220525,0.508744726349045,0.271538531362682,0.53760611397601,0.54947872441435,0.325686232812682,0.451556262479026,0.512025642137815,0.245745882862682,0.463112634433546,0.53303351141421,0.312123427262682,0.45119144913433,0.483972922989521,0.366367270562681,0.558427163465345,0.53423552099678,0.392554201662682,0.51356106915606,0.557306597915925,0.446396637662682,0.536742247000605,0.550662678121965,0.51365212766268,0.484411461153391,0.551975359734585,0.56716701811268,0.56760438434728,0.509019032836575,0.64813977056268,0.55811200469006,0.53031166368554,0.76847640786268,0.482053586481003,0.44232927770413,0.231879627662682,0.53438437230322,0.441016596048211,0.285394518112682,0.51120436205052,0.436013026170567,0.352606809612682,0.556888275651015,0.456925992315217,0.406719280112682,0.45123800684025,0.51189380740166,0.432439740562682,0.460683828766547,0.462680292097254,0.486703907862682,0.449926834261083,0.484247229477051,0.55331103136268,0.481189719480599,0.443513231368447,0.60745873281268,0.50759147140609,0.55697892961223,0.63437930961268,0.461907557805593,0.53606596346758,0.68849178011268,0.484490717156056,0.550746542258005,0.75505616566268,0.534305116325555,0.442245413568092,0.473283665662682,0.567239570977585,0.480966313644981,0.52751838286268,0.55568319902306,0.459958444368588,0.59389592726268,0.460368669991265,0.458756434786014,0.67432670166268,0.50523476430055,0.435685357866872,0.72816913766268,0.56755782661636,0.481098148381137,0.71421224056268,0.553196166614744,0.439966590630546,0.185360997489977,0.515777291636521,0.439989225822199,0.185465696717079,0.0,2.0,1.428728
0.568868999220525,0.508744726349045,0.271538531362682,0.53760611397601,0.54947872441435,0.325686232812682,0.451556262479026,0.512025642137815,0.245745882862682,0.463112634433546,0.53303351141421,0.312123427262682,0.45119144913433,0.483972922989521,0.366367270562681,0.558427163465345,0.53423552099678,0.392554201662682,0.51356106915606,0.557306597915925,0.446396637662682,0.536742247000605,0.550662678121965,0.51365212766268,0.484411461153391,0.551975359734585,0.56716701811268,0.56760438434728,0.509019032836575,0.64813977056268,0.55811200469006,0.53031166368554,0.76847640786268,0.482053586481003,0.44232927770413,0.231879627662682,0.53438437230322,0.441016596048211,0.285394518112682,0.51120436205052,0.436013026170567,0.352606809612682,0.556888275651015,0.456925992315217,0.406719280112682,0.45123800684025,0.51189380740166,0.432439740562682,0.460683828766547,0.462680292097254,0.486703907862682,0.449926834261083,0.484247229477051,0.55331103136268,0.481189719480599,0.443513231368447,0.60745873281268,0.50759147140609,0.55697892961223,0.63437930961268,0.461907557805593,0.53606596346758,0.68849178011268,0.484490717156056,0.550746542258005,0.75505616566268,0.534305116325555,0.442245413568092,0.473283665662682,0.567239570977585,0.480966313644981,0.52751838286268,0.55568319902306,0.459958444368588,0.59389592726268,0.460368669991265,0.458756434786014,0.67432670166268,0.50523476430055,0.435685357866872,0.72816913766268,0.56755782661636,0.481098148381137,0.71421224056268,0.553272343178244,0.439697403985371,0.159918511366319,0.515853468200021,0.439720039177024,0.160023210593421,0.0,2.5,0.5350352
0.568868999220525,0.508744726349045,0.271538531362682,0.53760611397601,0.54947872441435,0.325686232812682,0.451556262479026,0.512025642137815,0.245745882862682,0.463112634433546,0.53303351141421,0.312123427262682,0.45119144913433,0.483972922989521,0.366367270562681,0.558427163465345,0.53423552099678,0.392554201662682,0.51356106915606,0.557306597915925,0.446396637662682,0.536742247000605,0.550662678121965,0.51365212766268,0.484411461153391,0.551975359734585,0.56716701811268,0.56760438434728,0.509019032836575,0.64813977056268,0.55811200469006,0.53031166368554,0.76847640786268,0.482053586481003,0.44232927770413,0.231879627662682,0.53438437230322,0.441016596048211,0.285394518112682,0.51120436205052,0.436013026170567,0.352606809612682,0.556888275651015,0.456925992315217,0.406719280112682,0.45123800684025,0.51189380740166,0.432439740562682,0.460683828766547,0.462680292097254,0.486703907862682,0.449926834261083,0.484247229477051,0.55331103136268,0.481189719480599,0.443513231368447,0.60745873281268,0.50759147140609,0.55697892961223,0.63437930961268,0.461907557805593,0.53606596346758,0.68849178011268,0.484490717156056,0.550746542258005,0.75505616566268,0.534305116325555,0.442245413568092,0.473283665662682,0.567239570977585,0.480966313644981,0.52751838286268,0.55568319902306,0.459958444368588,0.59389592726268,0.460368669991265,0.458756434786014,0.67432670166268,0.50523476430055,0.435685357866872,0.72816913766268,0.56755782661636,0.481098148381137,0.71421224056268,0.553345892963693,0.439437499638306,0.135353352350374,0.51592701798547,0.439460134829959,0.135458051577476,0.0,3.0,0.2488122
